id,price
1,653484.75
2,727457.25
3,488049.1
4,364977.44
5,903831.3
6,403247.03
7,208633.28
8,381460.12
9,322690.3
10,539878.4
11,1038058.06
12,370564.78
13,1537807.4
14,479831.3
15,487842.5
16,1580530.1
17,505308.4
18,369702.25
19,499071.1
20,425443.78
21,517438.9
22,1284285.1
23,492293.2
24,664834.4
25,318610.16
26,182243.03
27,637624.75
28,228277.81
29,549877.06
30,174517.88
31,721594.44
32,718959
33,433217.1
34,156204.28
35,245011.4
36,231197.58
37,256300.95
38,623147.3
39,647643.1
40,720881.1
41,609569.5
42,493661.47
43,842199.8
44,204751.53
45,234538.88
46,516029.4
47,390249.9
48,872490.5
49,1017588.25
50,2370567.5
51,348480.28
52,846347.8
53,750584.75
54,340292.34
55,479044.22
56,485440.75
57,580537.6
58,577544.1
59,305967.28
60,229563.38
61,234528.12
62,270438.75
63,365156.72
64,875435.44
65,273368.84
66,438857.5
67,783410.8
68,298985.47
69,881947
70,588952.5
71,461982.56
72,475396.72
73,705747.75
74,907553.25
75,447784.53
76,2370566.8
77,303271.75
78,571631.25
79,429326.5
80,1687126.9
81,243005.67
82,445704.6
83,423768.62
84,828208.44
85,391452.66
86,392226.6
87,429429.9
88,318693.6
89,385399.78
90,232913.19
91,520080.72
92,266291.12
93,616181.6
94,414855.4
95,942233.7
96,562987.6
97,1005696.06
98,391771.25
99,664643.4
100,265447.66
101,533556.75
102,403574.1
103,282457.66
104,495970.06
105,277260.1
106,798880.94
107,640065.1
108,462670.56
109,503821.8
110,375267.9
111,664332.9
112,507017.56
113,272497.4
114,412370.03
115,250304.72
116,367186.6
117,287217.6
118,931367.9
119,186704.03
120,257842.11
121,974668.3
122,312020.6
123,343952.9
124,603827.9
125,315323.2
126,295115.16
127,640088.4
128,720019.06
129,771207.75
130,223055.03
131,698311.8
132,480596.78
133,392382.2
134,378715.12
135,395676.53
136,641304.6
137,1258857.4
138,288819.34
139,547084
140,735671.9
141,770360.5
142,304732.22
143,709952.1
144,577581.56
145,535967.6
146,790102
147,1782777.4
148,325797.34
149,489529.1
150,1288161.9
151,1302823.9
152,1078292.5
153,314006.1
154,878719.56
155,527224.1
156,269675.16
157,184471.4
158,404504.53
159,192590.42
160,517076.75
161,754521.9
162,474623.66
163,563246.5
164,469046.03
165,584348.1
166,357790.84
167,521535.22
168,597786.2
169,290816.44
170,434776.7
171,498192.84
172,581353.4
173,185608.17
174,301156.94
175,406206.28
176,274712.53
177,339551.56
178,381000.8
179,414535.88
180,224673.42
181,570022.75
182,363483.72
183,440035.6
184,1002571.8
185,421317.66
186,423086.6
187,770837.5
188,424009.5
189,645299.56
190,510679.16
191,239868.83
192,715154.5
193,427817.2
194,236749.6
195,356049.94
196,188598.4
197,297060.28
198,1194345.4
199,216977.16
200,623155.75
201,284076.62
202,486398.16
203,797190.94
204,1017156.7
205,864593.44
206,188717.75
207,758035.6
208,635290.9
209,245346.2
210,438973.97
211,299177.47
212,657118.25
213,276317.6
214,220296.97
215,667286.75
216,305509.28
217,301144.5
218,622398.25
219,495375.97
220,622312
221,458552.28
222,793861.06
223,259909.25
224,255356.66
225,204430.6
226,936107.1
227,373476.28
228,315130.28
229,1838052.4
230,563226.75
231,940262.44
232,474148.84
233,210132.84
234,522817.94
235,388502.1
236,797199.9
237,238562.55
238,457232.97
239,493275.6
240,198183.23
241,340023.84
242,453998.47
243,932221.6
244,309996.6
245,1019337.94
246,208100.47
247,622682
248,2370567.5
249,246828.52
250,253620.28
251,281159.03
252,326850.1
253,316596.25
254,315054.97
255,330399.28
256,344358.16
257,458476.94
258,1280081.1
259,302740.2
260,294000.22
261,302058.44
262,715923.4
263,677706.44
264,477766
265,1152355.4
266,796163.25
267,324000.44
268,418623.66
269,457668.16
270,524425.4
271,392816.84
272,513044.56
273,511231.47
274,527083.75
275,364559.66
276,431895.03
277,792924.75
278,461064.78
279,190476.8
280,525438
281,473422.84
282,365046.94
283,445314.38
284,430119.03
285,1103099.4
286,740373.5
287,252638.16
288,957128.94
289,394331.8
290,718857.1
291,602310.5
292,259669.14
293,559113.44
294,821665.7
295,225108.36
296,641689.56
297,259741.81
298,467496.03
299,249918.2
300,696580.8
301,1691345.6
302,288760.1
303,774085.4
304,798480.9
305,417970.7
306,463710.94
307,434958.4
308,867242.4
309,219549.61
310,187794.3
311,688101.8
312,419986.9
313,464115.38
314,541915.9
315,521113.56
316,464460.22
317,571663.06
318,1346983.8
319,417124.56
320,580674.94
321,536147.9
322,474503.94
323,477593.2
324,486920.22
325,1131310.5
326,540516.94
327,462212.38
328,737834.44
329,981468.9
330,342854.34
331,397714.84
332,753478.2
333,295133.1
334,421132.06
335,318846.2
336,298013.44
337,1073911.9
338,912052.25
339,510720.03
340,394241.75
341,236699.06
342,830902.25
343,461021.4
344,346867.97
345,625793.3
346,425658.16
347,343999.03
348,625973.1
349,1157621.6
350,214527.8
351,175573.3
352,700366.7
353,432620.47
354,530919.25
355,773640.6
356,169259.36
357,282687.03
358,769903.56
359,395875.9
360,582081.25
361,550414.4
362,738330.9
363,630118.2
364,607879.3
365,814959.9
366,304021.4
367,232253.1
368,338585.66
369,545116.06
370,290573
371,550928.06
372,150956.69
373,503822.94
374,325541.53
375,189894.73
376,1002577.8
377,360542.03
378,450833.66
379,553814.7
380,1057815.1
381,620882.44
382,535191.9
383,244171
384,409583.78
385,289940.1
386,280059.94
387,626680.5
388,367729.2
389,286348.34
390,437541.38
391,719146
392,345950.34
393,447006.25
394,400327.16
395,647728.94
396,1488499
397,1513695.4
398,759897.4
399,469148.53
400,695361.25
401,193876.4
402,696473.1
403,482854.72
404,628744.2
405,293501.34
406,535711.4
407,329024.97
408,1072308.6
409,1106014.1
410,297265.4
411,363782.06
412,589600.7
413,645328.5
414,1120577.9
415,385853.16
416,587230.56
417,1247136.8
418,1009500.75
419,526640.5
420,610799.25
421,210680.3
422,260982.16
423,524580.56
424,371316.2
425,237419.1
426,397690.3
427,1012357.06
428,486261.66
429,454096.66
430,388508.97
431,212694.1
432,471167.34
433,700886.1
434,368163.88
435,197074.83
436,257431.4
437,971566
438,183228.66
439,804571.8
440,474271.47
441,335730.97
442,496776.5
443,358662.56
444,313171.78
445,1491497.4
446,375790.6
447,584232.3
448,307524.66
449,482547.6
450,348098.8
451,246712.14
452,271612.34
453,279226.56
454,342776.5
455,1644632.1
456,534730.75
457,309466.66
458,332452.78
459,437770.84
460,449055.72
461,786555.1
462,343717.47
463,471632.4
464,360331.34
465,420452.1
466,559373.25
467,551594.06
468,450610.66
469,2369807.8
470,493171.75
471,571506.25
472,428026.44
473,416355.78
474,630260.25
475,327646.4
476,290467.6
477,1015430.1
478,854402.9
479,417870.2
480,1614658.1
481,220977.44
482,651030.56
483,690142.25
484,1766372.1
485,674661.6
486,337892.5
487,556990.6
488,405902.72
489,1023047.1
490,440177.47
491,457205.28
492,942071.56
493,620057.75
494,669314.56
495,729869
496,331186.66
497,1157663.4
498,371264.12
499,243144.08
500,272359.78
501,752341.2
502,410166.1
503,604403.25
504,1153894.9
505,354970
506,518484.16
507,852280.44
508,556955.1
509,1154488.1
510,209151
511,501139.4
512,513911.72
513,239839.95
514,572747.56
515,348638.5
516,1009980.94
517,694778.4
518,374833.97
519,639474.7
520,352582.84
521,793647.1
522,631882.75
523,242930.42
524,381008.66
525,350194.53
526,623474.25
527,335539.78
528,259969.72
529,457664.9
530,429675.3
531,634212.5
532,625157.44
533,489176.84
534,1067084.4
535,198896.22
536,610573.6
537,494718.03
538,428985.84
539,325532.9
540,961237.1
541,484887.84
542,616112.4
543,344844.22
544,260373.3
545,1060190.9
546,702670.25
547,990737.8
548,235053.88
549,580785.25
550,336669.88
551,964920.6
552,932401.4
553,890639.4
554,407035.6
555,378448.53
556,282894.16
557,339324.28
558,953618.8
559,230994.5
560,229758.06
561,233712.28
562,349942.9
563,586506.94
564,457832.1
565,266515.72
566,1028326.8
567,219922.92
568,484005.38
569,184736.75
570,1369537.2
571,236226.2
572,1295088.1
573,654463.1
574,694007.4
575,461385.5
576,920370.3
577,904390
578,266450.66
579,299247.97
580,748972.75
581,358961.56
582,549742.4
583,1541947
584,765362.25
585,935606.5
586,484822.38
587,704665.25
588,547768.75
589,1899781.4
590,621320
591,288171.28
592,983829.5
593,429358.2
594,415639.2
595,368967.97
596,1316641.5
597,316967.72
598,615702
599,269425.78
600,322770.28
601,189043.78
602,249393.56
603,550377.25
604,1491459.9
605,254308.53
606,785523.94
607,382312.84
608,185343.12
609,575222.9
610,380846.62
611,724055.06
612,720113.8
613,1026611.25
614,314099.12
615,499014.72
616,314198.1
617,1815247.9
618,210781.38
619,632893.06
620,526767.6
621,312877.34
622,366067.6
623,410276.12
624,543640.1
625,393224.75
626,269908.4
627,826328.5
628,539006.1
629,571628.5
630,274468.56
631,384752.03
632,500179.03
633,372224.22
634,387242.53
635,1178508
636,546981.6
637,288469.34
638,454154.62
639,529968.06
640,1267649.9
641,1141617
642,415211.34
643,414404.84
644,1497847.2
645,503408.25
646,832105.56
647,1748171.4
648,247115.62
649,276642.5
650,412718.25
651,607743.8
652,210715.16
653,405920.16
654,914980.6
655,781474.56
656,248993.3
657,317062.38
658,414729.62
659,364461.28
660,339959.75
661,297445.3
662,265825.7
663,323036.78
664,1290558.1
665,535968.9
666,394473.28
667,1068756.5
668,318055.34
669,653943.1
670,312561.1
671,631494
672,606209.5
673,171683.67
674,413827.97
675,356151.4
676,687892.6
677,325034.34
678,281177
679,271605.78
680,265415.03
681,478456.47
682,461902.5
683,314691.66
684,416785.6
685,281166.9
686,531100.94
687,586251.94
688,1172740.4
689,425647.28
690,394870.6
691,584684.25
692,739995.25
693,438687.12
694,321592.56
695,300232.78
696,592144
697,773223.94
698,256878.16
699,792893.6
700,236725.72
701,487622.2
702,537143.5
703,339619.88
704,513825.53
705,595981
706,218800.31
707,255495.47
708,276903.34
709,452919.72
710,524716
711,272473.72
712,324061.28
713,625881
714,2370502.5
715,380084.53
716,444195.4
717,542856.06
718,406482.66
719,284111.16
720,218943
721,516159.44
722,301442.28
723,722957.44
724,354671
725,400591.38
726,812116.8
727,686816.1
728,574949.25
729,433463.4
730,773061.75
731,364493.38
732,319079.97
733,470001.1
734,352196.03
735,294520.22
736,582668.3
737,397553.62
738,353430.72
739,448231.5
740,641331.4
741,582439.75
742,280190.1
743,397311.25
744,204945.14
745,202770.4
746,258436.69
747,411400.8
748,293417.53
749,311738.72
750,495599.6
751,491293.88
752,516662.12
753,649550.4
754,314681.56
755,190331
756,200667.88
757,559067.25
758,533418.9
759,482607.8
760,695864.6
761,320505.84
762,400355.78
763,173683.84
764,627634.1
765,671204.2
766,205887.19
767,212108.9
768,1222015.9
769,761919.6
770,316603.72
771,304498.97
772,495692.06
773,706415.6
774,1261425.4
775,443046.47
776,856082.7
777,325155.6
778,299582.47
779,715096
780,398256.97
781,1244624.1
782,439133.2
783,356488.62
784,882135.5
785,198399.44
786,509263.2
787,751644
788,667482
789,290588.28
790,483659.9
791,507325.25
792,383046.16
793,257171.12
794,334188.38
795,513785.28
796,250650.52
797,297616.84
798,604891.4
799,321003.3
800,559148.25
801,518887.34
802,246850.4
803,424124.7
804,460825.47
805,324564.72
806,705402.75
807,267235.62
808,588514.9
809,464574.62
810,642480.25
811,479572.22
812,374785.47
813,337178.47
814,314261.2
815,940641.7
816,734009.6
817,282127.16
818,776421.9
819,326538.84
820,540096.25
821,716944.2
822,465447.53
823,316116.4
824,280677.72
825,570054.4
826,546912.25
827,286387.9
828,1110324.6
829,261553.6
830,663097.1
831,472855.72
832,318826.1
833,596424.4
834,320654.5
835,252345.31
836,1496393.5
837,620661.06
838,621304.3
839,546947.25
840,360380.8
841,330417.72
842,190229.06
843,668700.44
844,358180.28
845,543522.7
846,1415031.2
847,414031.25
848,330312.1
849,1251060
850,654898.4
851,1672113.9
852,767137.94
853,273346.28
854,442826.78
855,420283.44
856,391627.3
857,312969.7
858,326120.97
859,258307.19
860,578605.75
861,706447.56
862,443891.22
863,1214749.2
864,203731.47
865,1028910.25
866,360617
867,399490.1
868,1485294.9
869,868331
870,622796.6
871,304301.62
872,219522.1
873,237732.19
874,279079.47
875,263391.78
876,402682.62
877,437757.47
878,381232.47
879,244564.66
880,769611.75
881,682244.25
882,388685.34
883,753152.25
884,299099.25
885,741570.7
886,415487
887,538543.25
888,354795.84
889,528596.9
890,452680.2
891,213392.9
892,694213.5
893,206351.28
894,410072.97
895,1493855.4
896,408561.72
897,864628.25
898,915926.25
899,413605.22
900,657104.9
901,739430.5
902,488414.9
903,314347.66
904,1041424.56
905,376804.5
906,274128.5
907,685950.94
908,1026338.5
909,663218.8
910,797523.5
911,818979.2
912,380531.88
913,662528.3
914,606647.8
915,304486.72
916,362787.7
917,711273.56
918,480915.6
919,654494.06
920,315713.66
921,398913.28
922,280875.94
923,929425.25
924,427079.38
925,672276.4
926,527546.94
927,618223.44
928,308961.9
929,422988.72
930,469709.97
931,811215.94
932,345623
933,239874.19
934,432625.56
935,804489.9
936,596855
937,436357.6
938,428693.97
939,342709.56
940,316528.47
941,781446.1
942,317781.03
943,482104.3
944,314657.53
945,674075
946,821698.4
947,495197.2
948,796526.25
949,241373
950,788541.06
951,362366.97
952,411599
953,352866.44
954,366027.2
955,390216.34
956,424591.97
957,435295
958,960477.9
959,632026.06
960,490995.44
961,414304.72
962,297250.72
963,217633.34
964,222758.84
965,561196.5
966,192481.52
967,574203.75
968,530175.6
969,440315.53
970,2370567.5
971,382563.4
972,385773.84
973,228488.94
974,724264.7
975,403243
976,676494.75
977,177338.31
978,347726.84
979,833252.75
980,420390.22
981,414361.06
982,354961.8
983,471039.97
984,445368.78
985,197713.38
986,630662
987,419078
988,224392.81
989,770709.6
990,2370567.5
991,874396
992,322120.34
993,381881.8
994,374452.75
995,339461.4
996,813032.75
997,308783.6
998,242331.47
999,627526
1000,423670.72
1001,378275.66
1002,1089217
1003,443604.03
1004,483552.84
1005,379309.12
1006,603909.2
1007,708650.9
1008,394585.47
1009,612750.25
1010,374320.66
1011,447127.53
1012,614143.4
1013,329509.53
1014,524974
1015,446160.72
1016,353093.9
1017,331415.28
1018,623843
1019,683493.5
1020,638101.44
1021,508094.94
1022,1097929.2
1023,769761.2
1024,1032348.9
1025,1028202.56
1026,222018.67
1027,371009.22
1028,271588.78
1029,594812.6
1030,552935.4
1031,352370.38
1032,707629
1033,306872.53
1034,344449.47
1035,362782.34
1036,713565
1037,687702.1
1038,225252.16
1039,152757.39
1040,923366.56
1041,523405.4
1042,332505.8
1043,947514.06
1044,350299.5
1045,761080.75
1046,231049.84
1047,689858.4
1048,564828.9
1049,311744.6
1050,233115.22
1051,2370567.5
1052,568926.75
1053,571967.94
1054,374724.6
1055,1461158.1
1056,546927.1
1057,530753.25
1058,299868.8
1059,538054.06
1060,641792.94
1061,443196.9
1062,402514.16
1063,278666.6
1064,346743.1
1065,519889.4
1066,606879.75
1067,507293.53
1068,445333.94
1069,335220.84
1070,299824.47
1071,314328.66
1072,270612.53
1073,743389.9
1074,752425.06
1075,476708.22
1076,433806.47
1077,684273.4
1078,588530.44
1079,459844
1080,460327.47
1081,1448077
1082,559876.9
1083,844452.2
1084,461665.06
1085,217496.27
1086,307685.66
1087,631427
1088,506857.72
1089,627485.3
1090,474513.72
1091,342859.78
1092,337563.16
1093,201512.22
1094,194001.03
1095,1056609.8
1096,278413.9
1097,425661.9
1098,313559.38
1099,448847.2
1100,637365.4
1101,606979.56
1102,592054
1103,628902.25
1104,330155.47
1105,229148.73
1106,238466.55
1107,589438.9
1108,433736.34
1109,820290.94
1110,505262.28
1111,736116.4
1112,530393.25
1113,269897.34
1114,254555.58
1115,495680.66
1116,287685.6
1117,500697.2
1118,490245.34
1119,374283.03
1120,190348.44
1121,338637.56
1122,523043.06
1123,302309.22
1124,435016.78
1125,421927.5
1126,538854.44
1127,611611.4
1128,517096.03
1129,1517137.9
1130,316573.6
1131,441478.97
1132,792300.06
1133,368217.16
1134,405217.72
1135,370908.84
1136,447704.66
1137,303821.9
1138,393942.4
1139,460481.97
1140,849136.94
1141,653673.44
1142,1012665.1
1143,250784.83
1144,329604.16
1145,1030349.4
1146,445003.84
1147,370422.6
1148,1335488.6
1149,362821.44
1150,628125.25
1151,656813.9
1152,392801.75
1153,345325.16
1154,647485.4
1155,1560791.9
1156,638732.9
1157,595602.5
1158,282438.8
1159,591965.2
1160,405260.2
1161,377959.1
1162,326660.12
1163,368313.34
1164,262525.38
1165,250435.12
1166,352021.9
1167,1276472
1168,362740.47
1169,498965.6
1170,2273037
1171,589621.06
1172,1404130.8
1173,271694.97
1174,211875.28
1175,198697.75
1176,332051.38
1177,243502.53
1178,262068.81
1179,275173.72
1180,667909.5
1181,272734.94
1182,454140.53
1183,346140.28
1184,506473.28
1185,382736.34
1186,202423.88
1187,440332.03
1188,667689
1189,407642.34
1190,329946.66
1191,543474.25
1192,199493.78
1193,712705
1194,858511.9
1195,596351.5
1196,492686.84
1197,228211.19
1198,278371.25
1199,303097.97
1200,706783.5
1201,408364.66
1202,943287.44
1203,368309.66
1204,726487.9
1205,500548.66
1206,240380.47
1207,301075.16
1208,307178.22
1209,1547018.1
1210,759972
1211,560290.4
1212,548387.1
1213,209209.31
1214,294890.53
1215,836274.4
1216,706640.56
1217,880609.6
1218,444048.4
1219,524080.84
1220,473538.2
1221,434529.3
1222,254486.88
1223,589255.6
1224,257946.97
1225,378466.72
1226,1196768.9
1227,468146.75
1228,257933.23
1229,845811.25
1230,654371.9
1231,405218.6
1232,880972.94
1233,466068.34
1234,418927.16
1235,416774.9
1236,308674.47
1237,360887.25
1238,563178.06
1239,528607.1
1240,507234.66
1241,288255.84
1242,682237.5
1243,298725.78
1244,252536.88
1245,334629.25
1246,860642.7
1247,774064.5
1248,256355.19
1249,261892.75
1250,1615727.6
1251,1008799.56
1252,702939.44
1253,634643.44
1254,398889.53
1255,612594.5
1256,695689.5
1257,1076427.9
1258,1503504.9
1259,516882.97
1260,331252.9
1261,360662.25
1262,2070960.9
1263,268715.34
1264,402323.38
1265,405649.34
1266,248938.16
1267,356624.66
1268,377677.8
1269,658197.25
1270,240156.25
1271,803333.75
1272,302592.6
1273,363305.16
1274,416867.6
1275,579685.1
1276,783549.8
1277,336528.88
1278,349627.53
1279,649342.5
1280,730055.9
1281,363857.78
1282,676249.25
1283,719232.4
1284,282888.28
1285,598457.4
1286,404368.22
1287,400551.28
1288,838799.1
1289,282965.1
1290,305711.47
1291,282453.88
1292,152578.61
1293,276249.9
1294,975081.7
1295,841538.56
1296,258879.58
1297,526450.5
1298,546376
1299,368446.75
1300,373060.28
1301,332409.38
1302,417303.1
1303,501071.44
1304,587896.2
1305,361455.78
1306,207764.22
1307,572000.1
1308,758833.1
1309,416103.97
1310,929773.1
1311,1165410.6
1312,416597.28
1313,190210.94
1314,404144.66
1315,1215389.9
1316,468173.28
1317,433488.03
1318,590403.9
1319,276879.1
1320,824854.06
1321,398092.9
1322,390389.34
1323,264414.6
1324,481326.34
1325,399620.66
1326,798850.75
1327,403246.53
1328,673977.5
1329,773354.1
1330,1183720.1
1331,283699.53
1332,545005.75
1333,477378.72
1334,380953.38
1335,425379.9
1336,877864.1
1337,2239862
1338,456481.9
1339,872323.2
1340,274911.75
1341,320831.06
1342,247299.5
1343,385903.84
1344,655769.7
1345,287421.4
1346,209300.42
1347,574838.1
1348,478577.47
1349,250006.47
1350,597233.75
1351,446787.53
1352,466626.47
1353,251030.8
1354,573130.4
1355,611328.94
1356,403995.53
1357,382928.47
1358,177717.58
1359,276329.6
1360,545295.25
1361,695092.06
1362,381662.4
1363,433578.06
1364,482078.47
1365,773530.06
1366,396615.1
1367,508086.06
1368,210465.38
1369,342051.03
1370,336080.6
1371,613284.6
1372,615581.56
1373,426788.6
1374,377042.4
1375,528128.6
1376,472112.3
1377,293042.28
1378,731523.4
1379,602504.3
1380,393432.6
1381,305076.66
1382,594932.9
1383,262009.39
1384,1943783.4
1385,428983.22
1386,332389.78
1387,489581.9
1388,371721.84
1389,590263.94
1390,299192.22
1391,439994.2
1392,541979
1393,413913.56
1394,322858.1
1395,373600.78
1396,242359.28
1397,279725.62
1398,467653.44
1399,146310.44
1400,464967.53
1401,528338.4
1402,258836.3
1403,526410.7
1404,423716.1
1405,312154.78
1406,352148.03
1407,858642
1408,246992.92
1409,380787.97
1410,1017495.94
1411,428884.47
1412,407903.66
1413,306044.8
1414,497345.62
1415,412983.8
1416,230305.28
1417,717957.1
1418,400744.28
1419,535191.56
1420,785785.75
1421,480064.78
1422,358202.9
1423,349882.47
1424,248195.69
1425,203088.78
1426,539726.75
1427,450660.1
1428,677652.5
1429,398354.1
1430,289743.34
1431,484596.75
1432,551499.9
1433,320429.4
1434,337765.4
1435,351177.78
1436,546104.56
1437,328001.53
1438,283459.47
1439,429944.12
1440,312531.94
1441,233738.34
1442,556399.1
1443,405535.94
1444,309202.6
1445,213253.89
1446,373621.25
1447,388279.34
1448,520174.44
1449,247065.72
1450,1450905.4
1451,332424.78
1452,795424.2
1453,535975.1
1454,1370077.1
1455,310877.22
1456,271723.56
1457,1228575.6
1458,574528.6
1459,447383.16
1460,309840.53
1461,723696.25
1462,351624.28
1463,498729.6
1464,175464.31
1465,881825.1
1466,200291.94
1467,506975.56
1468,1452223.2
1469,386176
1470,201474.55
1471,583110.75
1472,219643.78
1473,307063.4
1474,607292.25
1475,533830.5
1476,593620.2
1477,1137318.9
1478,529906.1
1479,871206.75
1480,436761.44
1481,784365.3
1482,486008.16
1483,496436.47
1484,282040.53
1485,788872.4
1486,522755.34
1487,306420.34
1488,348440.3
1489,458774.5
1490,302375.47
1491,326574.44
1492,366228.25
1493,471097.78
1494,332438.84
1495,371240.84
1496,431952.8
1497,531062.75
1498,419968.12
1499,699038.9
1500,486936.34
1501,771653.44
1502,711128.75
1503,459912.8
1504,207158.72
1505,283062.72
1506,324623.03
1507,365467.6
1508,1112358.9
1509,469530.22
1510,992833
1511,418269.62
1512,452547.34
1513,1858573.6
1514,1217337.6
1515,583380.5
1516,583159.6
1517,562393.7
1518,371938.22
1519,293071.22
1520,449451.34
1521,394492.72
1522,1494441.2
1523,673261.1
1524,274179.28
1525,255433.44
1526,391002.22
1527,462669.62
1528,318299.66
1529,1259807.1
1530,870318.94
1531,270145.34
1532,559210.75
1533,375012.03
1534,389538.03
1535,482922.3
1536,359124.16
1537,617526.7
1538,364011
1539,557482.9
1540,432346.3
1541,351051.1
1542,353797.72
1543,310245.38
1544,250806.62
1545,393735.84
1546,514011.72
1547,340347.72
1548,233349.31
1549,447969.72
1550,433090.62
1551,631084.5
1552,362836.97
1553,208770.86
1554,788499.9
1555,852370.6
1556,434804.06
1557,196343.1
1558,336035.47
1559,530822.2
1560,622888.1
1561,857724
1562,351293.1
1563,181649.67
1564,371814.44
1565,518528.12
1566,228873.78
1567,713900.2
1568,295808.22
1569,413037.4
1570,816629.4
1571,302858.1
1572,259378.17
1573,230186.19
1574,541008.75
1575,432296.47
1576,402266.9
1577,266959.1
1578,243892.9
1579,271114.78
1580,305198.78
1581,301459
1582,636527.25
1583,337203.8
1584,329390.28
1585,469814.53
1586,189686.75
1587,273615.72
1588,341916.25
1589,723369.94
1590,665446.25
1591,338605.34
1592,519663.72
1593,655612.75
1594,717077.4
1595,345911.3
1596,895270.7
1597,316645.12
1598,384945.78
1599,470410.6
1600,223290.2
1601,355125.84
1602,214435.53
1603,424384.22
1604,601824.6
1605,621812.8
1606,215912.58
1607,1306488.2
1608,1460565.9
1609,256612.78
1610,1530717.4
1611,358905.47
1612,281662.88
1613,883434.5
1614,501167.94
1615,418969.72
1616,443898.72
1617,520860.7
1618,549803.25
1619,525124.6
1620,1071962.5
1621,342529.28
1622,360927.72
1623,534702
1624,439654.97
1625,284144.3
1626,320827.8
1627,260873.78
1628,515142.1
1629,386018.2
1630,400447.38
1631,774712.6
1632,530581.1
1633,263026.72
1634,618862.6
1635,300861.72
1636,399306.53
1637,355355.3
1638,367202.2
1639,617282.25
1640,971857.8
1641,398911.53
1642,565836.8
1643,861025.6
1644,344302.22
1645,520752.88
1646,562006
1647,690929.75
1648,596584.94
1649,274420.5
1650,1521645.1
1651,776128.94
1652,243260.69
1653,966510.7
1654,510185.88
1655,741808.75
1656,468496.28
1657,767891.44
1658,485065.6
1659,314438.56
1660,379231
1661,793321.25
1662,328981.6
1663,658307.5
1664,295345.72
1665,326208.72
1666,491067.9
1667,223104.14
1668,961546.9
1669,427428.34
1670,535734.2
1671,980815
1672,343785
1673,534386.1
1674,790188.4
1675,637453.44
1676,676106
1677,854042.8
1678,326946.6
1679,310180.47
1680,332290.34
1681,331152.97
1682,655283.75
1683,391780.34
1684,291264.78
1685,425175.28
1686,352910.34
1687,331596.6
1688,257003.5
1689,403433.47
1690,551845.94
1691,341756.78
1692,339537.3
1693,218637.72
1694,386224.2
1695,884322.1
1696,226778.58
1697,1058210.1
1698,294189.28
1699,789268.9
1700,208898.06
1701,668024.25
1702,302529.22
1703,257144.95
1704,433748.47
1705,573032.44
1706,919677.94
1707,929089.3
1708,349974.38
1709,252904.75
1710,509749.34
1711,275974.22
1712,314342.4
1713,399389.06
1714,380390.97
1715,363619.28
1716,683577.6
1717,280195.84
1718,522586.03
1719,234418.23
1720,500069.66
1721,634629.1
1722,1747559
1723,419236.97
1724,1695271.8
1725,478344.3
1726,406041.03
1727,1367852.4
1728,789718
1729,398882.22
1730,287399.44
1731,300976.75
1732,495027.1
1733,274456.66
1734,754479.5
1735,401185.34
1736,198855.92
1737,514629.6
1738,794397.5
1739,192869.11
1740,432965.53
1741,1603295.5
1742,378443.28
1743,755160.1
1744,813919
1745,426107.34
1746,256086.67
1747,594520.5
1748,215067.98
1749,767380.1
1750,280932.94
1751,403842.22
1752,345805.5
1753,551960.6
1754,214370.95
1755,550124.8
1756,454046.1
1757,425560.3
1758,465167.47
1759,193683.45
1760,267063.53
1761,527335.1
1762,561866.6
1763,476140.7
1764,401666.22
1765,249395.28
1766,358686.03
1767,196916.61
1768,261851.81
1769,626042.9
1770,326072.22
1771,905916.06
1772,788967.06
1773,253992.3
1774,452661.56
1775,320075.53
1776,484597.22
1777,362457.97
1778,308313.47
1779,326383.78
1780,565325.44
1781,259873.25
1782,246690.97
1783,798459.9
1784,549164.9
1785,360018.56
1786,507329.12
1787,214993.7
1788,416687.66
1789,506125.56
1790,256037.34
1791,337734.8
1792,260372.12
1793,496100.78
1794,363097.97
1795,690173.5
1796,929444.6
1797,418183.66
1798,491102.22
1799,672110.6
1800,806805.5
1801,759264.75
1802,304684.9
1803,435063.06
1804,535927.6
1805,297935.56
1806,551078.94
1807,373775.06
1808,492033.62
1809,505512.16
1810,582621.25
1811,505211.28
1812,252881.06
1813,524277.6
1814,825419.25
1815,604863.1
1816,332731.28
1817,318400.66
1818,425564.4
1819,712558.2
1820,286963.2
1821,592827.75
1822,175110.2
1823,244273.75
1824,598259.75
1825,2092659.4
1826,179843.81
1827,346203.53
1828,406119.88
1829,556257.56
1830,308516.4
1831,226296
1832,471305.03
1833,1425904.9
1834,793445.56
1835,402113.34
1836,601115.2
1837,1349183.9
1838,454224.12
1839,180306.9
1840,414078.84
1841,1209179.5
1842,334097.5
1843,606962.56
1844,534513.44
1845,438109.97
1846,729221.3
1847,927802.25
1848,620296.1
1849,438116.53
1850,278461
1851,425099.06
1852,428776.84
1853,698137.25
1854,302712.34
1855,266136.16
1856,271588.1
1857,328576.25
1858,585327.7
1859,187959.94
1860,284704.53
1861,1513120.6
1862,2030600.9
1863,238175.12
1864,519524.16
1865,318834.56
1866,657536.8
1867,579913.75
1868,402431.03
1869,505662
1870,208577.75
1871,510017.66
1872,503261.9
1873,264262.7
1874,458904.66
1875,291396.56
1876,439644.47
1877,277686.16
1878,701540.5
1879,969621.06
1880,988883.9
1881,372971.16
1882,457939.16
1883,824796.9
1884,288772.6
1885,488019.06
1886,314223.5
1887,506440
1888,347715.16
1889,453225.53
1890,544497
1891,237725.12
1892,1201664.6
1893,690664.94
1894,1321811.6
1895,502830.97
1896,255528.14
1897,1247755.1
1898,339135.62
1899,320122.06
1900,332786.78
1901,260008.28
1902,356069.4
1903,395807.2
1904,1189381.4
1905,404899.75
1906,635924.7
1907,492669.78
1908,488236.47
1909,798145
1910,317949.16
1911,330587.66
1912,555181.1
1913,438262.16
1914,1896354.8
1915,767483.6
1916,569923.4
1917,786744.94
1918,615194.25
1919,268601.16
1920,263628.84
1921,491989.84
1922,809307.1
1923,401879.03
1924,508018.6
1925,255640.2
1926,705387.3
1927,271506.75
1928,414454.47
1929,181947.77
1930,2357086.5
1931,759205.94
1932,425221.28
1933,238552.9
1934,185321.61
1935,696694.56
1936,473502.44
1937,790339.5
1938,234134.83
1939,452912.5
1940,315656.1
1941,499780
1942,329962.22
1943,1201342.4
1944,351886.34
1945,839963.3
1946,1224928.1
1947,455095.75
1948,278853.2
1949,449583.1
1950,264608.78
1951,276772.28
1952,822125.75
1953,418443.97
1954,378153.4
1955,451572.03
1956,449415.97
1957,832599.9
1958,282691.9
1959,613004.06
1960,623498.4
1961,495108.88
1962,266467.28
1963,274486.53
1964,362168.84
1965,306054
1966,423402.16
1967,479380.22
1968,455368.16
1969,427464.47
1970,633194.2
1971,887709.44
1972,321887.22
1973,414410.44
1974,563800.94
1975,366284.9
1976,384205.8
1977,577644.6
1978,308094.97
1979,328148.84
1980,382600.22
1981,431984.7
1982,247245.97
1983,302985.66
1984,402597.84
1985,340868.38
1986,462350.06
1987,713983.44
1988,426065.97
1989,304998.22
1990,516068.3
1991,1499441.8
1992,471166.12
1993,580501.1
1994,464447.97
1995,450373.6
1996,731926.6
1997,328088.88
1998,325184.78
1999,302113.47
2000,575008.1
2001,638409.44
2002,523222.06
2003,219167.72
2004,390832.1
2005,501927.12
2006,355939.78
2007,480865.38
2008,1802068.9
2009,686682.6
2010,583690.25
2011,287625.22
2012,346094.28
2013,281545.28
2014,704643.25
2015,670984.06
2016,1463349.4
2017,379161.4
2018,805610.4
2019,566024.75
2020,1117686.4
2021,701933.4
2022,514361.38
2023,511043.62
2024,282666.56
2025,687981.2
2026,644343.56
2027,622070.5
2028,182149.5
2029,506163.44
2030,332063.9
2031,423251.53
2032,375376.78
2033,538016.6
2034,394834.12
2035,660418
2036,253824.11
2037,475983.44
2038,482675.47
2039,588879.25
2040,319248.75
2041,416832.72
2042,562393.5
2043,421112.97
2044,404876.66
2045,416041.22
2046,423123.84
2047,1067866.5
2048,446247.6
2049,336163.94
2050,2368425.5
2051,583815.75
2052,600147
2053,279399.47
2054,1206655
2055,791555.75
2056,611426
2057,335388.97
2058,325692.16
2059,353865.16
2060,509119.75
2061,551511.6
2062,395718.84
2063,693915.94
2064,272936.72
2065,984695.5
2066,346688.84
2067,936129.44
2068,330768.97
2069,664756.9
2070,364012.56
2071,398220.66
2072,1883224.6
2073,850203.8
2074,386790.78
2075,603160.6
2076,704774.1
2077,596298.75
2078,228507.88
2079,325401.75
2080,307787.22
2081,546857.6
2082,770688.7
2083,401773.28
2084,274729.62
2085,328470.1
2086,856068.4
2087,539206.4
2088,340384.03
2089,2369300
2090,436501.6
2091,1345910.2
2092,978242.7
2093,711026.1
2094,386800.47
2095,209236.69
2096,324211.75
2097,183897.03
2098,916447.25
2099,342342.84
2100,760245.75
2101,400859.47
2102,600825.56
2103,626661.4
2104,457529.78
2105,502260.34
2106,438765
2107,347673.1
2108,597424.25
2109,386355.47
2110,436703.53
2111,2353657.8
2112,328690.97
2113,692307
2114,241899.42
2115,270394.6
2116,482253.2
2117,1409912.9
2118,556824.4
2119,376472.88
2120,464911.53
2121,595395.8
2122,535457.4
2123,508140.97
2124,994184.06
2125,515387.66
2126,1109108.6
2127,463504.16
2128,340855.53
2129,740836.7
2130,508320.28
2131,601439.94
2132,396925.03
2133,522378.12
2134,685828.94
2135,520916.4
2136,445689.5
2137,573767
2138,530705
2139,1013742.2
2140,395122
2141,694150.1
2142,214546.44
2143,311287.84
2144,558633.6
2145,628623.9
2146,805085.06
2147,196540.3
2148,573170.56
2149,323000.7
2150,230448.64
2151,556623.75
2152,303945.88
2153,656135.4
2154,669144.25
2155,378156
2156,472989.38
2157,301837.84
2158,593470.75
2159,433121.6
2160,490630.66
2161,429712.88
2162,645988.2
2163,489650.38
2164,856578.4
2165,224649.97
2166,1034201.3
2167,551815.1
2168,1540884.6
2169,392451.1
2170,763766.1
2171,297286.16
2172,520445.62
2173,735027.1
2174,364955.1
2175,288356.8
2176,249498.36
2177,256930.67
2178,497771.75
2179,376519.34
2180,265121.97
2181,452680.22
2182,715880.5
2183,376709.12
2184,579454.7
2185,370092.84
2186,189052.98
2187,1674131.1
2188,245357.69
2189,548479.25
2190,322799.97
2191,519314.28
2192,660921
2193,266665.03
2194,459843.9
2195,257577.34
2196,1051416.8
2197,1178063.8
2198,281867.3
2199,513690.62
2200,725285.1
2201,1197598.9
2202,214527.8
2203,341759.97
2204,802299.4
2205,592483.9
2206,527570.1
2207,382679.78
2208,308326.56
2209,452786.72
2210,664538.94
2211,290819.56
2212,526713.5
2213,622188.4
2214,1027512
2215,685562.1
2216,428021.94
2217,322052.44
2218,1175071
2219,423709.9
2220,485708.22
2221,1273413.9
2222,631834.94
2223,508486.8
2224,1156720.4
2225,326606.12
2226,194880.86
2227,317037.9
2228,180081.44
2229,229629.86
2230,432935.03
2231,566659.8
2232,412235.06
2233,520562.16
2234,532091.6
2235,293832.62
2236,177498.31
2237,313671.34
2238,185458.05
2239,609121.9
2240,639715.25
2241,830029.8
2242,206744.62
2243,631287.75
2244,266273.62
2245,516583.97
2246,206480.61
2247,382473.1
2248,1806330.9
2249,687574.4
2250,308563.9
2251,693873.7
2252,366834.97
2253,246353.84
2254,269243.22
2255,603816.9
2256,606168.25
2257,338964.1
2258,837166.44
2259,374474.25
2260,752006.5
2261,816411.94
2262,251190.22
2263,265838.28
2264,206207.08
2265,285847.66
2266,343415.03
2267,415262.56
2268,308562.62
2269,301533.22
2270,781895.4
2271,847419.75
2272,792820.3
2273,1163114.9
2274,464859.1
2275,762411.56
2276,431979.75
2277,689536.7
2278,648006.5
2279,338397.66
2280,776128.75
2281,479988.72
2282,407096.16
2283,376795.84
2284,412177.78
2285,327999.88
2286,375201.7
2287,628735.94
2288,191628.4
2289,308706.78
2290,1985884.2
2291,304643.9
2292,193345.81
2293,627175.5
2294,588369.75
2295,885348.56
2296,323970.4
2297,445032.84
2298,195744.11
2299,218444.06
2300,453617.53
2301,275985.78
2302,560984.9
2303,305137.75
2304,240045.05
2305,664813.94
2306,799065.06
2307,310077.38
2308,1100913.8
2309,281098.28
2310,305495.75
2311,330319.53
2312,555719.6
2313,338212.16
2314,846418.6
2315,364379.6
2316,740471.1
2317,490032.16
2318,356427.28
2319,666852
2320,521261.94
2321,273297.4
2322,370030.53
2323,461653.84
2324,301041
2325,1015904.4
2326,1193151.2
2327,874757.4
2328,274401.84
2329,292691.53
2330,1038818.4
2331,822844.7
2332,1023389.9
2333,243672.38
2334,364759.84
2335,332245
2336,427624.66
2337,275313.53
2338,364713.47
2339,210741.31
2340,1101874.8
2341,230228.53
2342,1124438.8
2343,576234.8
2344,237969.44
2345,482379.8
2346,834002.9
2347,358512.9
2348,254710.53
2349,559082.6
2350,270575
2351,398239.62
2352,719656.44
2353,283026.78
2354,833394.7
2355,555495.8
2356,506419.34
2357,889028.5
2358,296126.78
2359,321773.84
2360,488911.16
2361,648668.4
2362,536543
2363,280239.72
2364,345829.97
2365,633477.4
2366,253309.9
2367,693933.6
2368,471166.53
2369,715074.25
2370,1269169.8
2371,409350.16
2372,310210.97
2373,342816.94
2374,295508.34
2375,1052152.6
2376,742826.7
2377,257596.02
2378,710986.75
2379,396243.9
2380,448071.12
2381,676778.25
2382,327226.03
2383,694102.25
2384,1095309.2
2385,246912.22
2386,559071.2
2387,608276.9
2388,446457.03
2389,255478.92
2390,217291.75
2391,534558.5
2392,459910.28
2393,324787.72
2394,520020.03
2395,624596
2396,1145249
2397,368195.34
2398,1013676.9
2399,326207.34
2400,520706.44
2401,341227.5
2402,428456.62
2403,253576.7
2404,636338.6
2405,367273.6
2406,689620.5
2407,736655.1
2408,454945.34
2409,1329082.9
2410,1584979.6
2411,479614.62
2412,226272.83
2413,489706.6
2414,598342.06
2415,576447.06
2416,394785.7
2417,347450.34
2418,354888.56
2419,371889.47
2420,280120.22
2421,240829.16
2422,346376.78
2423,418402.66
2424,439157.53
2425,506094.84
2426,274924.4
2427,728628.4
2428,768091.1
2429,474113.6
2430,298535.72
2431,239052.1
2432,328831.84
2433,797607.25
2434,393485.72
2435,261959.92
2436,487931.56
2437,630680.8
2438,297187.9
2439,394588.28
2440,213554.94
2441,1616320.8
2442,354445.5
2443,417204.6
2444,236476.08
2445,293718
2446,271490.9
2447,273802.94
2448,540153
2449,498932.97
2450,518145.72
2451,447594.47
2452,476554.97
2453,540170.1
2454,285343.16
2455,805222.25
2456,365729.6
2457,732776.5
2458,547305.9
2459,656194.25
2460,461861.6
2461,604083.4
2462,871591.9
2463,411509.94
2464,222504.48
2465,372561.62
2466,397046.47
2467,341198.03
2468,358951.22
2469,584145.75
2470,635553.94
2471,550262.94
2472,546819.7
2473,651998
2474,306302.22
2475,629079.44
2476,258893.81
2477,566799.6
2478,229955.03
2479,448562.47
2480,445901.66
2481,666931.3
2482,1351179.5
2483,719115.4
2484,461836.88
2485,385902.2
2486,359687.53
2487,341806.6
2488,236355.81
2489,1160559
2490,611255
2491,743173.1
2492,608515.56
2493,914197.2
2494,754242.5
2495,368896.12
2496,264580.72
2497,643232.25
2498,406149.34
2499,526812.9
2500,1905988.4
2501,423966.5
2502,350714.7
2503,258066.28
2504,248528.06
2505,546495
2506,302832.72
2507,394521.34
2508,644849.2
2509,684539.94
2510,263029.16
2511,472350.66
2512,540378.1
2513,316918.9
2514,789590.5
2515,321653.9
2516,516718
2517,274770.88
2518,158292.48
2519,374182.75
2520,305893.28
2521,276552.38
2522,2323912.5
2523,453511.2
2524,262546.47
2525,776360.5
2526,514521.6
2527,348228.72
2528,464973.34
2529,1376241.1
2530,395846.3
2531,466333.06
2532,506701.16
2533,282506.78
2534,367154.94
2535,337764.62
2536,386738.9
2537,458534.97
2538,300400.16
2539,782612
2540,472241.78
2541,487492.9
2542,494775.4
2543,316420.62
2544,832212.75
2545,683762.8
2546,631654.6
2547,378814.22
2548,592780.4
2549,619827.25
2550,825508.3
2551,790320.7
2552,371605.9
2553,322274.47
2554,384657.1
2555,425228.1
2556,458929.66
2557,351574.38
2558,629990
2559,198383.9
2560,358630.4
2561,238069.98
2562,652459.75
2563,422851.2
2564,858622.4
2565,422190.8
2566,636123.6
2567,498023.22
2568,562046.6
2569,479933.4
2570,647630.3
2571,645396.25
2572,388130.28
2573,684125.9
2574,483982.03
2575,290573.8
2576,412982.8
2577,387671.62
2578,327627.47
2579,437158.94
2580,454464.22
2581,188652.34
2582,1476581.9
2583,1921002.9
2584,320345
2585,326073.03
2586,401660.06
2587,206512
2588,814216.1
2589,483349.84
2590,427081.34
2591,525020.6
2592,432591.34
2593,968182.4
2594,1769514.8
2595,392136.53
2596,549011.7
2597,342647.9
2598,268152.7
2599,415288.25
2600,513729.6
2601,267419.8
2602,549245.5
2603,381530.03
2604,1329079.9
2605,413522.7
2606,331026.84
2607,389736.28
2608,373452.75
2609,530599.6
2610,782332.1
2611,430750.4
2612,329673.12
2613,442001.2
2614,810579.9
2615,385826.4
2616,989084.06
2617,615138.8
2618,195025.95
2619,505210.22
2620,308035.9
2621,261477.44
2622,631758.25
2623,322422.06
2624,527490.4
2625,412174.16
2626,416580.1
2627,780140.06
2628,429638.47
2629,255748.28
2630,400416.53
2631,410696.12
2632,459841.03
2633,954170.1
2634,677255.2
2635,579320.5
2636,287982.97
2637,639244.4
2638,645579.4
2639,370438.47
2640,247070.9
2641,494164.2
2642,693169.94
2643,1656096.9
2644,459457.75
2645,698015
2646,589510.5
2647,242866.23
2648,430804.16
2649,442475.72
2650,538938.8
2651,337387.4
2652,200715
2653,364213.34
2654,455615.6
2655,630471.5
2656,427973.1
2657,385727.1
2658,587300.8
2659,483139.16
2660,222949.94
2661,313571.03
2662,548267.94
2663,389261.34
2664,759482.75
2665,322396.97
2666,193130.25
2667,482729.56
2668,262446.6
2669,1032343
2670,740987.2
2671,1689836.1
2672,285836.47
2673,276628.28
2674,589174.6
2675,1598372.8
2676,645283
2677,395817.16
2678,309661.53
2679,272077.28
2680,589447.7
2681,414830.47
2682,253648.27
2683,313852.5
2684,584224.1
2685,361814.6
2686,301131.72
2687,396574.22
2688,338994.28
2689,701960.25
2690,734498.9
2691,556921.75
2692,467445.1
2693,893757.25
2694,379492.06
2695,364246.38
2696,294805.78
2697,231934.12
2698,246988.22
2699,705831.94
2700,362067.1
2701,243323.38
2702,436454.56
2703,1725463.8
2704,314600.6
2705,570418.5
2706,375130.44
2707,722854.94
2708,574833.75
2709,504144.5
2710,244227.62
2711,361613.72
2712,403232
2713,327030.72
2714,478771.06
2715,255870.88
2716,865423.4
2717,383836.88
2718,2143077.5
2719,834087.9
2720,390087.03
2721,194597.1
2722,406651.4
2723,318683.7
2724,476810.7
2725,621038.25
2726,437401.9
2727,466333.03
2728,635898.06
2729,198221.19
2730,574939
2731,454623.12
2732,658779.4
2733,413121.22
2734,326421.44
2735,707297.1
2736,772578.7
2737,302413.34
2738,2257041.5
2739,237492.31
2740,262540.03
2741,379589.88
2742,214577.92
2743,450614.88
2744,572253.25
2745,486621.03
2746,296931.28
2747,339386.22
2748,420102.72
2749,528220.25
2750,816018
2751,289187.72
2752,312927.34
2753,563427.25
2754,525349.75
2755,207237.14
2756,535197.4
2757,721191.25
2758,305568.7
2759,344130.9
2760,558392
2761,562004.44
2762,266848.9
2763,457256
2764,260289.56
2765,388303.78
2766,958481.1
2767,350685.66
2768,403065.97
2769,626631.4
2770,388428.03
2771,247167.5
2772,568375.44
2773,555602.75
2774,597507.44
2775,564783.6
2776,433840.78
2777,978104.4
2778,822069.2
2779,996628.4
2780,203006.67
2781,348672.16
2782,280226.06
2783,198635.62
2784,256155.16
2785,1487230.4
2786,306166.97
2787,307415.22
2788,1254025.8
2789,248945.97
2790,1719154.2
2791,206438.62
2792,669987.06
2793,612773.94
2794,739457.7
2795,648950.94
2796,318781.75
2797,212524.05
2798,286508.66
2799,346368.97
2800,531859.44
2801,257089.78
2802,300588.7
2803,1065702.6
2804,503379.12
2805,280328.03
2806,401015.9
2807,324079.9
2808,281583.9
2809,1123461.5
2810,1087842.1
2811,623333.2
2812,295023.03
2813,1376450.9
2814,811692.75
2815,517141.34
2816,629754.25
2817,875457.06
2818,448663.2
2819,263770.2
2820,621465.7
2821,191093.89
2822,563132.5
2823,192548.16
2824,256979.45
2825,634803.5
2826,2084482
2827,488089.84
2828,360762.94
2829,775990.1
2830,483483.7
2831,732800.5
2832,551738.75
2833,786731.94
2834,422239.3
2835,294614.72
2836,285466.16
2837,779574.9
2838,417110.84
2839,1019023.1
2840,621281.1
2841,589602.75
2842,509815.16
2843,375904.34
2844,478614.16
2845,314698.4
2846,909609
2847,545986.7
2848,299987.6
2849,306128.4
2850,362531.84
2851,331668
2852,577690.2
2853,328717.3
2854,406647.03
2855,698735.75
2856,465708.4
2857,809302.3
2858,748756.75
2859,391846.28
2860,263857.66
2861,389689.4
2862,2370292.2
2863,407587.8
2864,427522.38
2865,639597.2
2866,329564.78
2867,457131.84
2868,417637.12
2869,353690.16
2870,528975
2871,249143.61
2872,353860.03
2873,311983.5
2874,803918.9
2875,596684.06
2876,198111.16
2877,868975.44
2878,372155.56
2879,319032.16
2880,926881.9
2881,342451.56
2882,493948.88
2883,644475.5
2884,364949.8
2885,284538.44
2886,476200.44
2887,319338.38
2888,340687.16
2889,252238.39
2890,489992.25
2891,478397.5
2892,872049.6
2893,480824.22
2894,900609.25
2895,808754.75
2896,379252.9
2897,343616.03
2898,491691.44
2899,363067.72
2900,488423.97
2901,624987.1
2902,246923.89
2903,882391.4
2904,1024520.25
2905,334178.38
2906,332033
2907,320474.16
2908,403711.28
2909,462395.75
2910,399995.72
2911,1046812.1
2912,659881
2913,446177.25
2914,637741.25
2915,839471
2916,245027.4
2917,607354.75
2918,546929.8
2919,806068.9
2920,980405
2921,787372.4
2922,600027.8
2923,547200.25
2924,264804.1
2925,803409.6
2926,802238.9
2927,281306.9
2928,185021.56
2929,397049.2
2930,1142692.5
2931,406411.53
2932,224391.56
2933,351057.97
2934,610429.9
2935,1824999.6
2936,368495.97
2937,240732.47
2938,948846.3
2939,247965.22
2940,433144.66
2941,354188.78
2942,400980.8
2943,186163.72
2944,239734.9
2945,431294.28
2946,289488.34
2947,667729.44
2948,323217.1
2949,502941.34
2950,253542.64
2951,752172
2952,219863.75
2953,841986.6
2954,1063857.1
2955,1842078.5
2956,591845.75
2957,583080.2
2958,280254.84
2959,629375.44
2960,801405.1
2961,418082.94
2962,366161.25
2963,341259.16
2964,492531.34
2965,437598.34
2966,595387.25
2967,329974.72
2968,171195.77
2969,597113.25
2970,542968.06
2971,470969.62
2972,294161.53
2973,1083558.2
2974,542254.6
2975,1141393.1
2976,187414.47
2977,1691155
2978,530593.5
2979,904832.8
2980,571695.1
2981,537260
2982,212024.75
2983,362749.12
2984,323155.12
2985,331797.28
2986,443238.6
2987,414831.78
2988,1408791.6
2989,959054.4
2990,633801.25
2991,469727.47
2992,252566.83
2993,478217.84
2994,573133.75
2995,403776.6
2996,443900.34
2997,316982.84
2998,186385.25
2999,582534.94
3000,534997.56
3001,415089.6
3002,390972.97
3003,1175380.5
3004,598127.25
3005,218215.28
3006,672945.1
3007,640959.4
3008,660156
3009,639225.8
3010,388187.16
3011,544845
3012,467646.5
3013,256159.23
3014,274896.47
3015,696737.25
3016,244927.34
3017,276455.5
3018,691163.75
3019,306003.84
3020,432423
3021,526360.7
3022,427328.47
3023,360070.84
3024,491028.94
3025,623028.6
3026,315399.97
3027,787917.2
3028,493166.34
3029,1242562.1
3030,290062.84
3031,644796.6
3032,751332.4
3033,488964.34
3034,365968.03
3035,2370499.8
3036,365419.12
3037,535056.9
3038,607732.44
3039,527379.75
3040,247807.53
3041,273922.4
3042,376542.6
3043,991117.4
3044,660749.5
3045,897669.2
3046,1390537.2
3047,819169.25
3048,872984.5
3049,214722.66
3050,296393.97
3051,262943.16
3052,241306.08
3053,490767.72
3054,693018
3055,189086.5
3056,692525.5
3057,202574.62
3058,797058.3
3059,307854.47
3060,354166.75
3061,720061.25
3062,219630.61
3063,488109.4
3064,932088.1
3065,1111007.6
3066,273859.44
3067,287237.75
3068,308878.66
3069,263405.22
3070,360221.28
3071,489826.9
3072,245787.84
3073,673737.3
3074,516768.5
3075,498423.28
3076,454518.84
3077,534223.25
3078,348506.78
3079,328314.94
3080,323050.03
3081,533463.8
3082,645810.3
3083,1059663
3084,485297.72
3085,919482.75
3086,743157.75
3087,286475.2
3088,547489.6
3089,433906.62
3090,293732.34
3091,398502.16
3092,1593288.4
3093,186699.9
3094,415059.16
3095,637671.7
3096,481411
3097,377616.56
3098,1153375
3099,845460.25
3100,689378.1
3101,447948.44
3102,673006.94
3103,477694.5
3104,419948.06
3105,455469.1
3106,547677.3
3107,192826.7
3108,423386.53
3109,743932.9
3110,261000.6
3111,277855.5
3112,1821589.4
3113,1148155.9
3114,710590.7
3115,459239.88
3116,517279.56
3117,868630.2
3118,584937.1
3119,276049.6
3120,749540.25
3121,256996.34
3122,1641351.1
3123,417790.84
3124,176243.83
3125,305774.56
3126,395067.47
3127,553816.5
3128,554585.1
3129,799760
3130,809566.9
3131,169472.14
3132,270001.9
3133,786020.8
3134,283375.4
3135,793387.06
3136,316484.22
3137,1496753.1
3138,206713.12
3139,718531.1
3140,524926
3141,438660.9
3142,275695.22
3143,320157.1
3144,446674.25
3145,271515.3
3146,234024.58
3147,1295114.6
3148,665943.4
3149,614417.6
3150,496785.8
3151,531106.5
3152,251774.23
3153,539027.5
3154,543656.7
3155,781062.56
3156,532890.8
3157,1654037.8
3158,676077.6
3159,725174.9
3160,390818.1
3161,470698.72
3162,264085.8
3163,428962.97
3164,383572.38
3165,785180.75
3166,735077.25
3167,784929.4
3168,1939327.2
3169,344053.34
3170,436072.1
3171,446931.78
3172,384555.8
3173,445385.16
3174,250853.7
3175,521488
3176,483009.1
3177,243606.12
3178,661889.6
3179,526052.25
3180,926756.25
3181,1372631.1
3182,815903.9
3183,2370567.5
3184,265035.12
3185,365431.84
3186,378980.97
3187,266352.72
3188,230567.6
3189,300644.34
3190,197031.23
3191,844474.5
3192,494734.66
3193,779660.75
3194,561605.3
3195,216089
3196,194713.08
3197,388918.22
3198,266501.28
3199,463657.53
3200,395311.2
3201,300594.88
3202,250103.75
3203,679815.94
3204,334573.53
3205,792433.8
3206,333258.47
3207,210308.25
3208,517381.34
3209,240945.86
3210,551442.1
3211,483314.9
3212,715029.56
3213,363166.22
3214,417266.6
3215,1267685.5
3216,265417.4
3217,149520.77
3218,425103.5
3219,2367303.8
3220,262286.66
3221,652069.44
3222,615441.1
3223,228761.53
3224,231059.88
3225,646613.94
3226,712433.6
3227,521572.62
3228,268650.78
3229,341960.6
3230,219411.12
3231,723197.75
3232,247218.94
3233,238099.44
3234,500068.9
3235,766484.44
3236,388073.22
3237,539865.44
3238,191755.81
3239,423623.3
3240,483342.9
3241,623053.4
3242,533007.8
3243,644693.2
3244,193031.72
3245,419479.4
3246,509404.12
3247,569239.4
3248,898612.44
3249,428250.66
3250,384919.53
3251,588661.25
3252,716907.5
3253,488651.12
3254,361597.03
3255,670256
3256,423497.1
3257,761444.4
3258,746782.56
3259,1358974.9
3260,765843.8
3261,668973
3262,438090
3263,783236.75
3264,395605.56
3265,234890.4
3266,263472.97
3267,625509.5
3268,352317.28
3269,356090.22
3270,244560.33
3271,178674.75
3272,592288.1
3273,483035.34
3274,346157.62
3275,473273.22
3276,560215.25
3277,414856.97
3278,335291.47
3279,695976.7
3280,570359.44
3281,679718.3
3282,557599.9
3283,708148.9
3284,282034.28
3285,539440.25
3286,812620.4
3287,248790.8
3288,228667.4
3289,416107.6
3290,355755.03
3291,353621.7
3292,361490.34
3293,333550.8
3294,347149.12
3295,371415.28
3296,584909.75
3297,289124.97
3298,187439.08
3299,520769.7
3300,309231.5
3301,597265.4
3302,434300.8
3303,384635.6
3304,373338.2
3305,305122.06
3306,653279.75
3307,407630.1
3308,242086.6
3309,273874.38
3310,264311.03
3311,207804.06
3312,239109.33
3313,594860.94
3314,541881.4
3315,396509.16
3316,477139.34
3317,528964.5
3318,888865.25
3319,784046.9
3320,444595.72
3321,262466.4
3322,357243.8
3323,420561.12
3324,343366.84
3325,297452.7
3326,315097.28
3327,872453.1
3328,604900.75
3329,815389.94
3330,247688.25
3331,430518.78
3332,312695.06
3333,265569.53
3334,519616.53
3335,468341.5
3336,441582.56
3337,996102.9
3338,860609.8
3339,444273.7
3340,340372.3
3341,375634.28
3342,301531.78
3343,820494.9
3344,318342.75
3345,766672.25
3346,1635818.9
3347,742547.6
3348,515855.03
3349,512696.72
3350,359758.34
3351,664214.1
3352,391578.53
3353,351090.06
3354,337969.2
3355,351590.9
3356,490524.88
3357,295534.3
3358,245592.36
3359,362571.3
3360,477274.1
3361,396377.12
3362,440516.22
3363,460366.6
3364,513738.8
3365,243742.06
3366,791339.56
3367,584453.5
3368,617715.6
3369,923251.2
3370,706335.25
3371,273564.97
3372,208046.92
3373,296077.38
3374,166925.84
3375,573125.9
3376,463686.03
3377,411105.97
3378,252297.31
3379,229100.75
3380,352679.8
3381,175515.53
3382,659413.3
3383,272967.84
3384,803112.25
3385,1091357.6
3386,307465.06
3387,588343.25
3388,237460.73
3389,534465.9
3390,516186.78
3391,625547.25
3392,355428.88
3393,373051.84
3394,428396.53
3395,478260.25
3396,449400.88
3397,764418.25
3398,327517.1
3399,565700.94
3400,482849.4
3401,506709.34
3402,256212.12
3403,905975.7
3404,238115.11
3405,685883.1
3406,313151.4
3407,373949.03
3408,568365.2
3409,696161.06
3410,315395.97
3411,416652.94
3412,750252.4
3413,359577.16
3414,614681.94
3415,232840.72
3416,435057.84
3417,306832.1
3418,241477.86
3419,485761.9
3420,588592.4
3421,522738.6
3422,437963.28
3423,1559151.6
3424,781407.75
3425,366989.56
3426,594404.1
3427,597395.06
3428,309838.9
3429,303839.03
3430,458701.56
3431,457348.47
3432,1318563.6
3433,363234.72
3434,697652.9
3435,244339.67
3436,473352.53
3437,456435.53
3438,366878.84
3439,595188.6
3440,371731.56
3441,790386.44
3442,633882.25
3443,278146.9
3444,322359.6
3445,504454.03
3446,561202.4
3447,264955.84
3448,817431.5
3449,233353.88
3450,288600.6
3451,347391.28
3452,404333.3
3453,474901.12
3454,394418.2
3455,528013.4
3456,251060.06
3457,503255.47
3458,561702.6
3459,405483.47
3460,694421.7
3461,348670.12
3462,600377.1
3463,517412.34
3464,714539.2
3465,355485.1
3466,543153.2
3467,823172.3
3468,235259.2
3469,376897.38
3470,593799.6
3471,1155623.4
3472,477374.16
3473,558060.25
3474,287302.53
3475,456015.78
3476,381691.16
3477,377499.22
3478,585173.5
3479,379875.6
3480,488896.62
3481,382468.4
3482,670762.75
3483,212072.4
3484,575260.1
3485,668839.3
3486,2370567.5
3487,240027.69
3488,354069.7
3489,391525.1
3490,338288.34
3491,196923
3492,352401.16
3493,280634.12
3494,223383.2
3495,758504.9
3496,229820.69
3497,233613.53
3498,611896.4
3499,344467.84
3500,403465.78
3501,1009164.9
3502,472732.2
3503,1058372.4
3504,282693.47
3505,387414.25
3506,619783.7
3507,781142.44
3508,242276.28
3509,728098.4
3510,414784.75
3511,475541.97
3512,322050.8
3513,583032.5
3514,582885.4
3515,294394.94
3516,539448.06
3517,503143.3
3518,491517.12
3519,434001.5
3520,337608.66
3521,347563.12
3522,347053.66
3523,134816.28
3524,1106970.2
3525,828142.44
3526,227953.72
3527,711425.75
3528,369265.3
3529,805945.75
3530,405813.66
3531,1807123.9
3532,604207
3533,783487.6
3534,1026586
3535,236712.45
3536,170055.5
3537,182208.48
3538,384810.78
3539,250871.03
3540,221140.62
3541,412402.72
3542,524497.75
3543,325404.34
3544,288792
3545,438041.56
3546,839085.25
3547,473462.7
3548,456592.22
3549,210528.97
3550,743590
3551,834274.44
3552,574242.9
3553,559635.5
3554,347598.9
3555,188074.22
3556,586352.2
3557,1017568.6
3558,828183.4
3559,1233211.4
3560,924275.2
3561,196673.94
3562,255937.11
3563,396554.78
3564,592152.5
3565,190499.08
3566,869485.1
3567,300891.84
3568,246589.89
3569,595231.7
3570,219582.89
3571,439599.84
3572,303196.88
3573,550990.5
3574,365733.66
3575,620967
3576,525275.6
3577,726314.7
3578,301577.2
3579,817193.9
3580,498590.47
3581,684369.75
3582,632067
3583,470103.9
3584,586795.94
3585,689739.75
3586,443052.3
3587,587272.9
3588,865065.9
3589,793180.4
3590,645142.6
3591,375956.53
3592,415161.78
3593,509907.4
3594,331888.94
3595,460126.12
3596,1102305.2
3597,293647.62
3598,711664.44
3599,463449.66
3600,384217
3601,572979
3602,194192.89
3603,378303.62
3604,947193.7
3605,665372.2
3606,278713.7
3607,590699.3
3608,1038736.4
3609,269372.78
3610,1254435.1
3611,396248.6
3612,364905
3613,252552.38
3614,522662.34
3615,320771
3616,726173.5
3617,420517.78
3618,293317.78
3619,1501535.5
3620,837519.3
3621,378867.16
3622,537765.5
3623,594574.1
3624,1003600.4
3625,377409.56
3626,731503.6
3627,441247.1
3628,494043.12
3629,570187.2
3630,444743.53
3631,1156061.1
3632,554727.3
3633,289462.88
3634,433708.6
3635,855862.25
3636,543999.8
3637,774945.6
3638,525400.4
3639,385780.6
3640,649848.75
3641,423684.88
3642,237299.27
3643,622691.25
3644,544408.4
3645,718260.94
3646,387639.56
3647,708612.75
3648,672111.9
3649,514331.47
3650,1017855.9
3651,1066935.9
3652,1144687.8
3653,904464.3
3654,340886.9
3655,1092691.4
3656,473452.47
3657,288394.6
3658,412552.78
3659,216045.72
3660,391045.12
3661,503254.75
3662,673683.94
3663,450192.1
3664,911495.1
3665,1778042.4
3666,482452.53
3667,793216.4
3668,715661.6
3669,373947.06
3670,343461.56
3671,274237.25
3672,1127966.1
3673,644606
3674,298929.12
3675,370156.97
3676,278838.34
3677,510960.03
3678,700865
3679,636209.75
3680,1177357.8
3681,461786.34
3682,277545.12
3683,895198.5
3684,758970.4
3685,279003.22
3686,467029.1
3687,330679.44
3688,286236.53
3689,459922.7
3690,550854.25
3691,248077.02
3692,1567131.1
3693,198871.25
3694,744493.06
3695,294249.84
3696,349108.5
3697,315443.7
3698,218259.6
3699,519983.1
3700,753216.6
3701,268102.1
3702,747805.5
3703,364024.03
3704,362481.9
3705,708191.7
3706,439012.75
3707,435847.78
3708,825002.94
3709,408613.88
3710,552993.75
3711,898240.25
3712,2370567.5
3713,369771.12
3714,421122.78
3715,488720.9
3716,452478.4
3717,1279915.1
3718,389428.9
3719,505206.34
3720,285644.4
3721,908523.4
3722,420496.75
3723,414139.9
3724,348399.84
3725,312667.9
3726,464618.2
3727,382243.78
3728,634958.6
3729,424240.44
3730,559481.06
3731,441717.1
3732,336163.4
3733,679920.7
3734,534455.5
3735,233712.84
3736,389842.56
3737,630353.5
3738,1160104.1
3739,232534.08
3740,605224.1
3741,468832.97
3742,506649.1
3743,352438.22
3744,399265.16
3745,462188.16
3746,352461.84
3747,553726.5
3748,257367.97
3749,554224.75
3750,306690.62
3751,454850.03
3752,499181.56
3753,619318.8
3754,788425.06
3755,501227.34
3756,250146.1
3757,329454.9
3758,445562.78
3759,1029978.7
3760,993257.1
3761,555530
3762,268780.4
3763,347531.9
3764,555679
3765,680632.1
3766,612587.3
3767,308043.66
3768,576195.7
3769,1256462.8
3770,348751.88
3771,270301.8
3772,292011.6
3773,573825.94
3774,826344.75
3775,1543271.6
3776,435938.66
3777,472598.84
3778,471265.4
3779,301017.62
3780,480825.94
3781,721297.1
3782,378630.72
3783,823680.1
3784,413872.47
3785,381471.4
3786,229090.19
3787,689161.3
3788,393632.78
3789,422473.88
3790,918503.75
3791,483781.06
3792,393092.7
3793,799596.3
3794,306411.47
3795,309261.03
3796,303903.1
3797,728113.4
3798,280822.34
3799,800013.3
3800,560755.7
3801,251125.94
3802,310271.47
3803,409565.06
3804,727119
3805,332937.8
3806,442041.4
3807,1144625.9
3808,264947.03
3809,431958.72
3810,497973.6
3811,302820.47
3812,323426.16
3813,569669.56
3814,689685.6
3815,278296.28
3816,235934.19
3817,780971.1
3818,904770
3819,515593.53
3820,634565.25
3821,261608.47
3822,523845.53
3823,510840.78
3824,337454.66
3825,748902.25
3826,497359.88
3827,657573.25
3828,492358.6
3829,211225.02
3830,740981.8
3831,348790.75
3832,381094.56
3833,360135.66
3834,339700.66
3835,689074.5
3836,931863.6
3837,532993.3
3838,540774.5
3839,569572.56
3840,319398.75
3841,1642223.8
3842,280673.1
3843,267611.03
3844,1249346
3845,701332.7
3846,313224.47
3847,496901.66
3848,675393.25
3849,242382.36
3850,659846.7
3851,336119.53
3852,508184.62
3853,356913.47
3854,836230.1
3855,394892.97
3856,492630.94
3857,697066.1
3858,516826.5
3859,363139.66
3860,157604.19
3861,333279.34
3862,234921.45
3863,275922.56
3864,245802.3
3865,239311.38
3866,286085.7
3867,290636.03
3868,427302.03
3869,1777533.4
3870,781289.3
3871,137208.11
3872,1066071.6
3873,353068.1
3874,2368833.5
3875,1000893.7
3876,331678.47
3877,343416.6
3878,307121.28
3879,765771.5
3880,569700.1
3881,528037.5
3882,667207.5
3883,324513.9
3884,803834.56
3885,246904.98
3886,251131.77
3887,198191.92
3888,473059.16
3889,613272.5
3890,328307.97
3891,600548.4
3892,389824.2
3893,242803.16
3894,425741.12
3895,1184913.9
3896,783275.3
3897,399899.84
3898,349424.03
3899,345325.06
3900,215700.9
3901,357714.84
3902,226914.98
3903,481896.06
3904,188031.2
3905,351133.38
3906,317783.8
3907,559531.5
3908,216001.14
3909,538311.9
3910,289380.34
3911,718089.1
3912,693755.9
3913,418695.3
3914,355165.12
3915,423975.38
3916,680792
3917,456011.4
3918,623790.7
3919,668134.9
3920,387909.44
3921,297661.38
3922,470547.1
3923,387269.78
3924,601683.2
3925,219243.22
3926,414926.3
3927,576704.75
3928,332573.28
3929,360782.03
3930,307223.97
3931,383028.12
3932,268053.44
3933,253739.47
3934,411699.84
3935,415931.22
3936,416122.47
3937,860588.1
3938,671991.9
3939,498938.72
3940,375690.72
3941,253685.56
3942,485065.22
3943,552787.6
3944,324793.78
3945,507036.84
3946,618716.5
3947,517903.97
3948,229367.73
3949,310753.56
3950,558804.75
3951,1241849
3952,354862.66
3953,525619.4
3954,734281.5
3955,774227.4
3956,524610.06
3957,270644.6
3958,1920087.9
3959,372711.9
3960,626711.1
3961,336165.72
3962,201065.94
3963,428168.4
3964,678659.25
3965,347969.66
3966,409750.97
3967,523102.75
3968,1673300.4
3969,329121.06
3970,654372
3971,342849.1
3972,466643.47
3973,788724.6
3974,228004.69
3975,421035.47
3976,502463.5
3977,818550.3
3978,547233.3
3979,2367156.8
3980,353157.22
3981,330430.66
3982,493261.16
3983,303441.62
3984,1591391.4
3985,692014.9
3986,698959.4
3987,341877.03
3988,376598.47
3989,1258799.6
3990,882296.25
3991,495136.03
3992,271822.16
3993,354480.1
3994,456970.72
3995,270603.03
3996,413082.56
3997,356344.84
3998,555080.75
3999,505421.53
4000,483089.78
4001,479390.7
4002,334390.78
4003,420967.88
4004,1111008.9
4005,220379.38
4006,543429.6
4007,465807.28
4008,586598.25
4009,250542.56
4010,469484.5
4011,280496.03
4012,670307.75
4013,361401.4
4014,1056639.4
4015,220295.7
4016,350374.88
4017,505328.88
4018,311187.47
4019,1347349.9
4020,386591.62
4021,812309.9
4022,835919.5
4023,476209.7
4024,237464.47
4025,2150626.2
4026,562769.1
4027,629137.25
4028,408657.88
4029,1115047.1
4030,832319.5
4031,331980.88
4032,887400.75
4033,2370420.8
4034,2364261
4035,466942.53
4036,414180.78
4037,275097.78
4038,658868.2
4039,706607
4040,216065.84
4041,332541.62
4042,265946.34
4043,228865.4
4044,377393.34
4045,735931.5
4046,362926.88
4047,677655.25
4048,431063.56
4049,628298.44
4050,472397.62
4051,374584
4052,929424.44
4053,404990.56
4054,490670.53
4055,310010.28
4056,349126.16
4057,341612.47
4058,305509.66
4059,234961.17
4060,484429.1
4061,341755.22
4062,474713.47
4063,601706.5
4064,1169776.2
4065,442430.16
4066,347110.94
4067,244602.5
4068,473129.22
4069,304133.47
4070,686597.56
4071,388774.44
4072,296183.53
4073,252176.16
4074,212248.4
4075,462668.47
4076,483192.9
4077,210065.94
4078,532757.8
4079,281382.16
4080,184871.03
4081,541094.5
4082,1812358.8
4083,549123.44
4084,604204.8
4085,753744.3
4086,1061269
4087,276316.72
4088,290863.1
4089,914887.44
4090,369837.78
4091,612743.4
4092,999176
4093,350112.78
4094,683029.6
4095,599614.9
4096,294345.9
4097,689799.94
4098,300190.88
4099,700738.44
4100,195101.06
4101,747974.1
4102,227960.2
4103,480141.22
4104,539703.25
4105,1244837.5
4106,2370567.5
4107,423620.47
4108,888361.4
4109,329280.6
4110,293981.1
4111,974823.56
4112,331847.53
4113,906799.25
4114,307501.06
4115,232661.16
4116,180054.12
4117,687446.56
4118,284972.84
4119,365996.6
4120,700347.94
4121,386213.97
4122,322570.84
4123,277145.78
4124,268314.72
4125,431983.47
4126,513425.72
4127,566766
4128,492296.1
4129,344746.9
4130,412626.8
4131,531644.6
4132,846577.6
4133,410734.66
4134,528438
4135,381911.53
4136,1058220.2
4137,163333.22
4138,455879.97
4139,195684.56
4140,1338787.4
4141,796565
4142,272613.84
4143,194196.75
4144,223526.89
4145,300326.12
4146,1357458
4147,640751.6
4148,692657.6
4149,313899.1
4150,437539.7
4151,809738.44
4152,1083458.2
4153,1006384.2
4154,404114.72
4155,2367769.8
4156,276736.72
4157,372998.34
4158,188291.38
4159,423495.06
4160,707793.06
4161,983854.75
4162,377042.28
4163,388915.28
4164,399034.5
4165,248435.12
4166,1691498.9
4167,428402.66
4168,538100.06
4169,705821.6
4170,398793.03
4171,226878.6
4172,650988.1
4173,758103.75
4174,1022388.7
4175,440462.9
4176,375226.84
4177,249166.97
4178,641113.25
4179,425217.66
4180,412521.66
4181,580630.75
4182,601301
4183,239196.8
4184,381392
4185,1162382.1
4186,239233.86
4187,682083.75
4188,820768.5
4189,423946.84
4190,266251.06
4191,523643.28
4192,316524.1
4193,339307.97
4194,333241.8
4195,585753
4196,516958.22
4197,440967.56
4198,277210.03
4199,247119.19
4200,186704.03
4201,860717.3
4202,487274.25
4203,279459.7
4204,229873.84
4205,318959.03
4206,598120.6
4207,264377.53
4208,198635.62
4209,365308.97
4210,734267.1
4211,498698.28
4212,606056
4213,343416.38
4214,1318508.1
4215,486442.4
4216,366628.53
4217,823387
4218,1765162.4
4219,318241.34
4220,743487.6
4221,1491550.4
4222,235751.9
4223,327927.47
4224,295563.6
4225,568763
4226,712047.1
4227,321576.9
4228,369673.16
4229,1350617.1
4230,269204.62
4231,1447711.4
4232,820989.8
4233,444649.6
4234,465273.7
4235,710715.44
4236,777577.3
4237,949749.4
4238,419216.44
4239,470847.97
4240,286682.84
4241,245546.98
4242,278849.6
4243,336419.56
4244,565198.6
4245,260975.27
4246,676514.9
4247,273749.22
4248,576374.5
4249,608041.25
4250,203525.81
4251,272564.6
4252,707907.6
4253,377063.56
4254,795662
4255,474261.7
4256,539791.25
4257,219004.4
4258,627175.5
4259,249808.45
4260,835300.5
4261,452305.28
4262,251576.6
4263,659489.94
4264,221288.98
4265,212537.03
4266,670624.25
4267,471228.97
4268,329640.3
4269,826251.6
4270,483997.84
4271,719927.75
4272,282838.03
4273,308898.22
4274,536856.6
4275,376523.44
4276,1062257.6
4277,380272.44
4278,443978.03
4279,330889.44
4280,314553.4
4281,550093.9
4282,624363
4283,491030.4
4284,2370567.5
4285,195503.72
4286,465772
4287,169018.17
4288,214867.11
4289,971959.5
4290,503588.22
4291,380577.84
4292,298343.56
4293,1116661
4294,411817.72
4295,415457.78
4296,347870.6
4297,703546.25
4298,321401.34
4299,883445.44
4300,274223.34
4301,305734.47
4302,433687.03
4303,361868.25
4304,318501.88
4305,488780.16
4306,578407.75
4307,254707.44
4308,330739.4
4309,687070.5
4310,438174.97
4311,491896.8
4312,408407.94
4313,372179.78
4314,449399.47
4315,346025.72
4316,398773.97
4317,379714.97
4318,1772165
4319,282636.1
4320,604081.3
4321,198978.16
4322,541116.6
4323,493133
4324,508451.03
4325,418764.66
4326,354633.44
4327,763361.7
4328,405192.94
4329,455988.72
4330,333229.3
4331,975403.7
4332,357142.72
4333,602116.5
4334,252882.34
4335,1043215.75
4336,568766.56
4337,814275.6
4338,231679.84
4339,165197.03
4340,389239.03
4341,886111.75
4342,204428.77
4343,666112.44
4344,383088.94
4345,814688.9
4346,234699.14
4347,871162.4
4348,804086.25
4349,386346.53
4350,359827.25
4351,432237.4
4352,328200.5
4353,484905.9
4354,681890.44
4355,352808.9
4356,307984.38
4357,625380.25
4358,282600
4359,307218.78
4360,332231.84
4361,756535.4
4362,268853.6
4363,303618.97
4364,306987.25
4365,489010.4
4366,554955.4
4367,239550.11
4368,634555.75
4369,298662.25
4370,360871.25
4371,479260.12
4372,1066726.1
4373,472151.75
4374,324393.66
4375,240322.95
4376,330194.72
4377,345034.1
4378,542525.1
4379,522641.16
4380,341623.47
4381,456193.3
4382,1272847
4383,299545.34
4384,299647.4
4385,207998.83
4386,327559.56
4387,2370559.5
4388,653694.9
4389,213429.03
4390,646936.5
4391,302266.22
4392,530593
4393,787878.75
4394,460177
4395,571527.25
4396,519249.62
4397,478036.88
4398,539044.44
4399,479316.9
4400,363402.28
4401,523585.22
4402,403833.4
4403,313796.88
4404,793209.56
4405,438951.3
4406,506360.9
4407,822446
4408,194241.58
4409,634165.44
4410,186434.12
4411,1163973.5
4412,585821.25
4413,1085245.8
4414,709098.06
4415,655593.2
4416,408772.53
4417,622670.44
4418,1129368.8
4419,417345.34
4420,254943.66
4421,546657.25
4422,594698.75
4423,277904.47
4424,560335
4425,645018.56
4426,521720.72
4427,618320.25
4428,294383.78
4429,496712.97
4430,372130.1
4431,290027.28
4432,914842.25
4433,377323.03
4434,498106.97
4435,511269.66
4436,575277.8
4437,475471.5
4438,2025373.5
4439,276499.84
4440,415661.7
4441,246242.92
4442,499104.9
4443,855648.2
4444,182546.31
4445,301246.56
4446,595050.2
4447,346467.28
4448,486033.3
4449,525734.75
4450,431868.28
4451,247490.22
4452,702517.6
4453,314687.4
4454,494145.72
4455,446780.22
4456,686497.44
4457,542324.5
4458,508154.5
4459,794637.4
4460,301385.22
4461,349138.53
4462,334082.38
4463,837209.1
4464,717455.2
4465,206930.1
4466,232670.7
4467,324692.84
4468,199573.9
4469,249520.69
4470,827345.6
4471,386590
4472,327683.94
4473,300513.9
4474,373589.8
4475,129760.59
4476,652462
4477,490498.9
4478,276924.75
4479,322799.1
4480,332869.78
4481,1088059.1
4482,243830.22
4483,437807.22
4484,362954.47
4485,680623.25
4486,733450
4487,294922
4488,732855.5
4489,709111.25
4490,596049
4491,425052.78
4492,396765.34
4493,287515.75
4494,555887.44
4495,627949.6
4496,182199.95
4497,2355786.5
4498,343265.1
4499,401464.88
4500,465184.2
4501,377160.16
4502,997565.56
4503,436945.7
4504,207151.78
4505,286844.16
4506,655130
4507,245358.16
4508,508627.75
4509,860638
4510,588247.8
4511,786313.44
4512,714333.3
4513,817783.8
4514,390213.25
4515,528188.2
4516,700621.1
4517,875609.3
4518,197250.77
4519,289092.94
4520,271361.72
4521,628318.06
4522,589069.4
4523,485243.2
4524,449405.72
4525,231013.4
4526,636878.3
4527,541874.9
4528,244027.75
4529,409016.44
4530,276513.47
4531,317151.22
4532,390341.22
4533,634444.75
4534,675128.2
4535,400341.12
4536,281893.6
4537,261438.66
4538,604376.5
4539,467379.72
4540,246399.73
4541,517854.53
4542,244542.73
4543,238795.28
4544,345327.53
4545,197175.62
4546,1416831.6
4547,431234.38
4548,294744.88
4549,315600.22
4550,732166.4
4551,370884.9
4552,1034745.5
4553,448451.88
4554,265518.22
4555,309332.34
4556,410007.8
4557,528176.5
4558,686028.1
4559,649704.25
4560,646415.9
4561,781875.9
4562,1223874.5
4563,365820.84
4564,243918
4565,561387.3
4566,649195.9
4567,323792.47
4568,545262.6
4569,701689.9
4570,498145.66
4571,188183
4572,444962.12
4573,454608.56
4574,461807.1
4575,498691.8
4576,266137.72
4577,424978.12
4578,480815.78
4579,371213.25
4580,745326.25
4581,790229
4582,511366.62
4583,812883.8
4584,260779.81
4585,366731.28
4586,712458.8
4587,493718.47
4588,249239.17
4589,291320.6
4590,1398833.5
4591,312007.88
4592,220176.88
4593,346109.28
4594,534033.75
4595,415124.06
4596,372824.84
4597,392081.97
4598,549743.1
4599,526190.25
4600,356175.6
4601,650867.8
4602,746138.5
4603,276930.12
4604,345572.78
4605,346825.84
4606,599799.1
4607,409949.9
4608,326222.9
4609,632854
4610,588117.25
4611,247500.48
4612,740968.44
4613,350141.28
4614,190729.62
4615,351195.53
4616,541319.94
4617,374311.03
4618,231910.9
4619,364771
4620,231032.38
4621,556452.06
4622,493085.72
4623,445698.12
4624,737302.9
4625,500071.03
4626,352216.7
4627,434989.47
4628,224672.53
4629,322753.47
4630,292651.84
4631,827682.5
4632,1452869.9
4633,445489.78
4634,736476.75
4635,668139.1
4636,475561.4
4637,571163.3
4638,698396.4
4639,278924.9
4640,225600.03
4641,236987.3
4642,248809.66
4643,535224.25
4644,201323.56
4645,1142697.1
4646,381573.84
4647,221136.25
4648,336177.72
4649,509585.03
4650,382960.12
4651,272345.6
4652,927854
4653,366170.47
4654,472011.94
4655,242984.94
4656,220431.92
4657,673796.9
4658,465211.47
4659,404925.78
4660,872160.56
4661,330724.25
4662,1113444.6
4663,979824.8
4664,494681.3
4665,372615.44
4666,321698.9
4667,244081.69
4668,586155.8
4669,258373.69
4670,708228.44
4671,618936.4
4672,387079.1
4673,2370566
4674,512367.12
4675,680572
4676,416293.16
4677,954226.9
4678,654744.1
4679,316213.7
4680,364481.88
4681,486388.53
4682,235353.45
4683,665715.06
4684,391101.84
4685,250045.5
4686,445879.22
4687,833135.8
4688,496544.22
4689,396489.84
4690,650607.4
4691,221953.66
4692,265378.78
4693,307874.2
4694,487794.34
4695,341987.66
4696,781584.25
4697,1899153.9
4698,235966.53
4699,620536.2
4700,333375.1
4701,445940.78
4702,507577.66
4703,723474.5
4704,314542.75
4705,878501.06
4706,339104.16
4707,674849.75
4708,546947.25
4709,399272.53
4710,357583.9
4711,286798.22
4712,422109.47
4713,766165.75
4714,627677
4715,722881.9
4716,290869.34
4717,249229.89
4718,249940.97
4719,259132.27
4720,408365.16
4721,434983.66
4722,357904.16
4723,297894.38
4724,365723.66
4725,392515.16
4726,180234.52
4727,575841.7
4728,219808.44
4729,670287.25
4730,259334.12
4731,641116.25
4732,853083.2
4733,272252.6
4734,793998
4735,582108.56
4736,1128360.1
4737,444930.6
4738,495541.53
4739,354594.16
4740,191364.89
4741,481771.4
4742,811345.06
4743,1154498.2
4744,333982
4745,1061091.5
4746,1052595.4
4747,411469.4
4748,1117269.6
4749,443472.03
4750,811464.9
4751,323041.34
4752,209292.03
4753,286361.6
4754,1139453.6
4755,885571
4756,578052.94
4757,499887.34
4758,339455.22
4759,353315
4760,425668.4
4761,840609.75
4762,1160062.6
4763,382614.28
4764,401612.9
4765,749062.9
4766,983774.25
4767,317618.9
4768,548949.56
4769,634459.2
4770,486955.22
4771,458542.8
4772,422943.28
4773,557497.9
4774,392716.34
4775,356415.6
4776,588064.44
4777,427194
4778,474514.47
4779,433697.22
4780,240707.12
4781,319220.34
4782,187988.17
4783,237699.75
4784,854811.56
4785,465385.78
4786,532216.9
4787,441744.9
4788,724589.4
4789,251009.72
4790,271859.22
4791,599112.9
4792,589044.25
4793,369535.75
4794,1026902.5
4795,629650.5
4796,891347.8
4797,244751.45
4798,297989.53
4799,477868.56
4800,435391.97
4801,1093541
4802,323872.4
4803,365235.72
4804,348388.28
4805,826057
4806,273376.34
4807,661059.6
4808,864978.2
4809,274138.03
4810,414238
4811,296985.84
4812,700763.75
4813,908513.5
4814,624243.25
4815,424323.22
4816,304992.06
4817,422421.84
4818,709267.25
4819,469994.16
4820,923992.8
4821,260975.05
4822,183176.53
4823,364117.28
4824,1112497.1
4825,760044.4
4826,318775.38
4827,577432.1
4828,621631
4829,305415.94
4830,238105.9
4831,1451600
4832,691267.7
4833,388190.22
4834,1611485.6
4835,217129.83
4836,659272.06
4837,432082.03
4838,1399665.1
4839,250838.17
4840,240011.81
4841,198496.78
4842,177582.5
4843,265676.75
4844,576738.56
4845,416774.5
4846,649110
4847,1110746.1
4848,781424.25
4849,239790.28
4850,185159.2
4851,1130638.9
4852,303813.34
4853,537996.7
4854,486511.78
4855,327059.28
4856,529426.44
4857,385248.47
4858,276070.97
4859,195828.31
4860,335656.1
4861,530360.75
4862,621426.1
4863,349543.97
4864,572266.7
4865,401116.16
4866,240859.62
4867,180638.45
4868,691496.3
4869,1111563.5
4870,412210.44
4871,384481.72
4872,588586.1
4873,214450.05
4874,673246.6
4875,2370222
4876,372052.94
4877,364381.66
4878,1420873.1
4879,376557.53
4880,899118.6
4881,700252.25
4882,240892.22
4883,408182.03
4884,485705.1
4885,563291.44
4886,331933.97
4887,228411.69
4888,316270.56
4889,853066.5
4890,484830.16
4891,354513.28
4892,645708.25
4893,862161.25
4894,327865.4
4895,312893.47
4896,327698.56
4897,316312.1
4898,197474.89
4899,340292.28
4900,444400.66
4901,527176.7
4902,268288.84
4903,281044.12
4904,757820.9
4905,174433.19
4906,323213.72
4907,695894.25
4908,649659.5
4909,426173.72
4910,420559.6
4911,291167.8
4912,408820.3
4913,952899.25
4914,518097.78
4915,275497.78
4916,217968.25
4917,314377.4
4918,432111.94
4919,658146.9
4920,301083.56
4921,803712.4
4922,352058.16
4923,549968.9
4924,503079.62
4925,362380.22
4926,323454.88
4927,368201.5
4928,619783.06
4929,888367.4
4930,589736.6
4931,571916.9
4932,326452.03
4933,1097234.4
4934,1530573.1
4935,278612.78
4936,275394.47
4937,1030211.6
4938,645504.75
4939,378610.1
4940,356387.9
4941,783866.75
4942,382222.94
4943,656739
4944,259383.14
4945,449500
4946,513489.28
4947,636664.6
4948,316752.03
4949,234749.66
4950,599869.56
4951,216132.97
4952,392044.56
4953,366796.44
4954,555373.44
4955,317394.06
4956,462490.9
4957,410745.47
4958,432295.5
4959,1013168.25
4960,594514.8
4961,769795.2
4962,556808.06
4963,632731.56
4964,397126.75
4965,657617.9
4966,382955.6
4967,474381.03
4968,378693.97
4969,473423.03
4970,600111.25
4971,1024013.7
4972,2369513.5
4973,786893
4974,275836.16
4975,274736.75
4976,286099.3
4977,283769.03
4978,243766.25
4979,497221.1
4980,351432.28
4981,462014.1
4982,374056.28
4983,641506.3
4984,231186.55
4985,587850.94
4986,809331.1
4987,2353569
4988,277062.34
4989,465334.53
4990,349419.72
4991,215787.77
4992,284893.78
4993,194296.47
4994,1007958.7
4995,1067258.8
4996,631565.5
4997,623527.1
4998,296987.8
4999,245277.47
5000,415438.06
5001,664834.4
5002,341608.16
5003,424445.62
5004,608568.6
5005,592489.7
5006,211602.28
5007,698662.25
5008,452703.84
5009,304052.94
5010,329227.8
5011,321441.1
5012,584315.94
5013,350414.84
5014,515652.25
5015,343789.9
5016,863600.7
5017,360065.22
5018,237969.66
5019,232579.95
5020,1157128.5
5021,247936.16
5022,384401.7
5023,588177.9
5024,513265.03
5025,619909.7
5026,792995.4
5027,1840200.2
5028,590223.6
5029,355512.53
5030,240830.06
5031,838925.1
5032,232248.47
5033,527631.56
5034,439385.1
5035,247315.25
5036,379724.72
5037,538958.9
5038,279135.25
5039,627053.75
5040,949664.1
5041,273607.6
5042,211556.9
5043,421580.62
5044,224135.12
5045,783000.9
5046,258644.97
5047,1027617.9
5048,586385.9
5049,222477.84
5050,530031
5051,1777811.9
5052,541052.75
5053,913599.1
5054,306040.16
5055,224669.39
5056,174112.88
5057,580419.1
5058,341986.6
5059,307419.25
5060,214281.77
5061,470377.72
5062,381685.72
5063,629477
5064,407384.8
5065,533297.3
5066,521921.84
5067,362100.4
5068,476998.28
5069,849024.44
5070,410675.3
5071,626241.25
5072,950369.8
5073,389050.28
5074,437092.56
5075,302035.9
5076,485195.6
5077,806114.3
5078,349947.94
5079,497252.84
5080,657120.75
5081,379190.66
5082,420145.25
5083,279548.47
5084,794267.1
5085,203239.47
5086,358684.2
5087,543987.75
5088,376155.3
5089,528018.94
5090,418258.9
5091,324687.47
5092,390291.38
5093,507748.03
5094,246269.16
5095,393668
5096,341575.38
5097,777840.6
5098,319866.1
5099,447406.72
5100,459203.84
5101,537652.4
5102,1615309.4
5103,389601.38
5104,747922.56
5105,581375.56
5106,373070.03
5107,360162.72
5108,332971.62
5109,643087.4
5110,273400.62
5111,387511
5112,394371.44
5113,373753.84
5114,808026.25
5115,320893.97
5116,1264638.8
5117,702891.9
5118,487556.4
5119,354417.47
5120,1226079
5121,788648.75
5122,583260
5123,676330.9
5124,258843.05
5125,250487.23
5126,570234.1
5127,416732.97
5128,1062896.6
5129,757925
5130,1851258.4
5131,1181196.9
5132,852465.3
5133,757533.4
5134,653197.25
5135,289522.4
5136,663769.94
5137,342141.9
5138,358504.03
5139,554199.4
5140,967494
5141,689650.4
5142,546122.6
5143,276172.53
5144,549838.3
5145,157472.72
5146,405545.6
5147,384707.7
5148,271919.78
5149,311058.1
5150,818509.56
5151,1185201.1
5152,952383
5153,392913.62
5154,762250.75
5155,391793.16
5156,437873.28
5157,371364.84
5158,246503.73
5159,354736.06
5160,252486.75
5161,669806.6
5162,633054.6
5163,384479.9
5164,260559.12
5165,893028.94
5166,281608.9
5167,373165.84
5168,322207.16
5169,397615.22
5170,316351.62
5171,630132.75
5172,391188.34
5173,363501.34
5174,279693.16
5175,387572.1
5176,680457.5
5177,334305.4
5178,474648.28
5179,190345.97
5180,2370529.5
5181,601207.56
5182,506881.53
5183,326669.06
5184,216220.31
5185,136405.88
5186,395441.72
5187,221843.53
5188,255735.92
5189,814624.3
5190,248733.88
5191,1133598.1
5192,187761.31
5193,361749.97
5194,488723.8
5195,381924.97
5196,671524.75
5197,793675.44
5198,195498.5
5199,547859.5
5200,712396.06
5201,1172927.1
5202,478250.12
5203,741873.4
5204,1601075.1
5205,352352.28
5206,302344.4
5207,861907.1
5208,835703.75
5209,377658.3
5210,469480.47
5211,300531.12
5212,754233.1
5213,680958.4
5214,303380.6
5215,489009.44
5216,252758.42
5217,643635.6
5218,345604.22
5219,412818.9
5220,366441.5
5221,598136.8
5222,275547.22
5223,979440.9
5224,312025.94
5225,795203.6
5226,471764.22
5227,622403.9
5228,280247.97
5229,502588.66
5230,365523.6
5231,571319
5232,228438.66
5233,415042.34
5234,427139.22
5235,607645.6
5236,431240.94
5237,358586.03
5238,780467.06
5239,790938
5240,542776.94
5241,441215.6
5242,184034.1
5243,778946.1
5244,296666.78
5245,458458.34
5246,570433.6
5247,272012.97
5248,541981.8
5249,717946.5
5250,718137.44
5251,224859.89
5252,357492.03
5253,797931.75
5254,385898.12
5255,336250.06
5256,266663.28
5257,531454.8
5258,400549.03
5259,873872.6
5260,604076.9
5261,604899.3
5262,438182.28
5263,1119605.6
5264,361964.66
5265,850655.25
5266,686085.5
5267,512435.16
5268,182453.97
5269,357583.84
5270,468343.25
5271,625541.4
5272,295552.47
5273,514778.28
5274,172769.58
5275,256801.5
5276,802624
5277,484587.9
5278,378057.3
5279,601120.9
5280,194970.81
5281,337114.22
5282,257571.22
5283,618599.56
5284,377398
5285,353283.53
5286,493900.75
5287,416028.03
5288,866572.5
5289,483461.16
5290,715880.1
5291,622959.25
5292,353850.28
5293,1528532.8
5294,376672.66
5295,659850.4
5296,831663.1
5297,726672.75
5298,415678.75
5299,626952.4
5300,615784.4
5301,501843.8
5302,657428.4
5303,279702.78
5304,304161.1
5305,604994.75
5306,1282215.9
5307,540644.75
5308,846400.7
5309,1276897
5310,823763.9
5311,711270.25
5312,598171.75
5313,890865.56
5314,364033.34
5315,194081.55
5316,415217.3
5317,277461.9
5318,396414.1
5319,640955.75
5320,529683.9
5321,388374.28
5322,248735.4
5323,1017145
5324,253420.25
5325,511006.66
5326,830418.8
5327,397898.53
5328,515379.88
5329,209460.31
5330,788882.9
5331,1443171.4
5332,351554.4
5333,940851.2
5334,222068.61
5335,530574.8
5336,765110.7
5337,1274353.9
5338,326909.53
5339,235603.44
5340,400625.62
5341,509881.2
5342,610429
5343,759527.5
5344,649217.94
5345,445637.2
5346,270370.34
5347,498722.1
5348,615666.6
5349,558417.5
5350,379260.03
5351,358204.1
5352,1665922.4
5353,285160.8
5354,454593.3
5355,518515.22
5356,771049.1
5357,521111.88
5358,1260670.6
5359,739766.94
5360,491318.16
5361,572129.4
5362,710683.4
5363,306875.28
5364,826622.6
5365,462824.5
5366,345051.9
5367,415308.16
5368,829830.7
5369,338665.5
5370,536417.75
5371,299022.8
5372,621789.7
5373,483754.75
5374,307319.1
5375,874519.2
5376,1307636
5377,435642.66
5378,275410.56
5379,792894.1
5380,177616.66
5381,442562.72
5382,570962.2
5383,364821.97
5384,850085.56
5385,758687.7
5386,1149880.5
5387,355878.84
5388,234445.3
5389,1225051.4
5390,424391.8
5391,355098.97
5392,414185.8
5393,1233395.2
5394,509722.84
5395,587957.7
5396,463177.94
5397,317890.1
5398,599159.25
5399,279961.47
5400,367037.34
5401,476749.66
5402,306223.12
5403,488821.53
5404,340212.16
5405,290045.4
5406,853690.6
5407,247406.86
5408,841655.9
5409,764752.5
5410,460371.34
5411,383380.6
5412,338223.53
5413,842140.25
5414,523080.88
5415,933086.25
5416,233734.2
5417,548682.25
5418,336705.94
5419,358516.2
5420,1228763.5
5421,264240
5422,823859.4
5423,410728.16
5424,574810.9
5425,368218.1
5426,197926.17
5427,310823.7
5428,654520.4
5429,441712.12
5430,418085.66
5431,348121.84
5432,240267.56
5433,903985.44
5434,210460
5435,372877.3
5436,537720.25
5437,462523.66
5438,1108156.1
5439,609512.7
5440,888726.4
5441,322482.84
5442,373820.22
5443,785544
5444,903103.6
5445,512423.44
5446,1480600.9
5447,718758.06
5448,1039649.44
5449,696384.3
5450,374375.56
5451,987695.1
5452,922591.4
5453,455754.22
5454,744401.7
5455,700253.1
5456,490952.03
5457,377905.84
5458,518551.16
5459,896721.5
5460,377039.84
5461,641113.4
5462,587902.75
5463,466783.03
5464,318040.78
5465,356072.72
5466,296129.25
5467,873811
5468,409107.28
5469,257826.12
5470,261637.23
5471,687813
5472,279664.53
5473,891817.2
5474,551647.9
5475,503313.12
5476,356570
5477,805898
5478,264491.4
5479,396014.53
5480,391545.7
5481,1283929.6
5482,224525.97
5483,451202.16
5484,238018.23
5485,290357.53
5486,270319.78
5487,451706.03
5488,364460.47
5489,580860.56
5490,389303.56
5491,2370555.5
5492,467876.88
5493,334266.12
5494,590467.1
5495,290933.84
5496,760122
5497,1039300.06
5498,723963.56
5499,1523528.1
5500,1053003.4
5501,365336.7
5502,348800.72
5503,430272.4
5504,512258.1
5505,494726.53
5506,476204.78
5507,315845.12
5508,477859.94
5509,331213.16
5510,1002856.3
5511,391139.84
5512,486975.03
5513,1207746.6
5514,391927.3
5515,468520.56
5516,1529859.9
5517,454760.03
5518,551072.3
5519,393686.38
5520,472658.25
5521,341285.03
5522,480237.78
5523,279753.22
5524,328304.47
5525,351648.94
5526,191819.1
5527,231497.12
5528,194009.53
5529,1087305.9
5530,509233.34
5531,213182.81
5532,397625.84
5533,262686.97
5534,442124
5535,752010.5
5536,369676.53
5537,1195169.2
5538,175879.5
5539,642837.7
5540,287023.1
5541,545691.4
5542,318873.62
5543,344227.97
5544,339128.28
5545,253047.16
5546,254565.55
5547,207042.38
5548,346003.6
5549,362007
5550,389670.4
5551,244780.83
5552,485919.1
5553,1265990.6
5554,445297.16
5555,492243.56
5556,348748.53
5557,375701.72
5558,613653.56
5559,583083.4
5560,424773.72
5561,1319336.8
5562,623284.25
5563,275410.56
5564,239169.52
5565,1045722.1
5566,345127.03
5567,323742.1
5568,423877.6
5569,383152.78
5570,275452.4
5571,494699.62
5572,189929.97
5573,415206.3
5574,564196.75
5575,657447.4
5576,508511.75
5577,2349740
5578,345711.84
5579,726553.75
5580,297877.94
5581,715136.25
5582,457339.22
5583,221908.28
5584,211494.72
5585,242799.28
5586,325836.66
5587,1237836.5
5588,313833.16
5589,462533.25
5590,538458.5
5591,1081974.4
5592,239898.16
5593,247228.4
5594,560614.6
5595,641557.44
5596,294917.47
5597,267931.6
5598,520904.2
5599,1158364.1
5600,270786.47
5601,693827.4
5602,486425.84
5603,376093.4
5604,304238.75
5605,566723.6
5606,394676.2
5607,728348.4
5608,425293.34
5609,322051.78
5610,204642.45
5611,454814
5612,300748.53
5613,452682.4
5614,780025.44
5615,547046.9
5616,1890175.2
5617,636021.75
5618,365253.2
5619,675005.3
5620,410711.06
5621,480463.22
5622,1726917.9
5623,418347.2
5624,2362269
5625,277337.8
5626,1975868.6
5627,314809.84
5628,536785.06
5629,337429.53
5630,561476.1
5631,337305.28
5632,784046.7
5633,588304.7
5634,588257.94
5635,647581.5
5636,409528.06
5637,423328.1
5638,705602.8
5639,681855.1
5640,615778.6
5641,770286.44
5642,586734.6
5643,252478
5644,574583.25
5645,286756.53
5646,662245.5
5647,529429.8
5648,386495.88
5649,633715
5650,362530.53
5651,307568.97
5652,255945.28
5653,484149.4
5654,575999
5655,376495.53
5656,831199.75
5657,424797.47
5658,732375.25
5659,460068.34
5660,713661.8
5661,411495.2
5662,423371.03
5663,302754
5664,746931.8
5665,233754.42
5666,545300.25
5667,267908.97
5668,296233.12
5669,936163.9
5670,471907.7
5671,390252.72
5672,662121
5673,181028.5
5674,457778.12
5675,267676.47
5676,439220.94
5677,480117.25
5678,375985.7
5679,251661.38
5680,523573.2
5681,689364.4
5682,426302.66
5683,604194.25
5684,381125.84
5685,357956.1
5686,1718231.4
5687,938442.94
5688,762023.1
5689,863390.25
5690,246700.52
5691,483094.12
5692,940418.7
5693,736771.25
5694,646699.5
5695,540197.7
5696,312891.1
5697,224522.56
5698,777464.7
5699,400977.9
5700,252066.56
5701,208588.58
5702,640237.06
5703,227208.81
5704,220615.45
5705,681244.25
5706,693062.56
5707,315230.72
5708,312741.28
5709,557129.75
5710,436846.75
5711,605731
5712,474670.62
5713,417300.03
5714,203799.66
5715,341528.3
5716,842728.5
5717,815018.7
5718,914034.4
5719,1336347.2
5720,200241.94
5721,667790.44
5722,496386.22
5723,447386.34
5724,521551.66
5725,397798.47
5726,905333.25
5727,696487.1
5728,655968.94
5729,268563.62
5730,426560.16
5731,288382.44
5732,652777.5
5733,317977.66
5734,855544.06
5735,1219076.2
5736,899353.5
5737,352220.2
5738,301812.56
5739,186185.4
5740,1036280.8
5741,404367.75
5742,673522.44
5743,858301.5
5744,935724.7
5745,653915.6
5746,324306.7
5747,299372.66
5748,340823.34
5749,400354.16
5750,862486.4
5751,821995.56
5752,515298.8
5753,193431.19
5754,498604.56
5755,523140.47
5756,537336.6
5757,529328.6
5758,506544.75
5759,292495.22
5760,329860.72
5761,647254.44
5762,327720.5
5763,274960.97
5764,280708.75
5765,234984.5
5766,397420.12
5767,633769.2
5768,735579.6
5769,530368.9
5770,383261.8
5771,846950.8
5772,635559.5
5773,195180.1
5774,450716.28
5775,581171.1
5776,364680.94
5777,706515
5778,251788.28
5779,217137.11
5780,862552.4
5781,323318
5782,781480.25
5783,307042.78
5784,2370567.5
5785,279428.84
5786,556222.1
5787,634639.75
5788,198806.89
5789,424691.34
5790,975145.9
5791,347489.22
5792,549584.8
5793,417966.78
5794,832687.25
5795,2370567.5
5796,1367018
5797,345363.72
5798,627802.06
5799,629299.9
5800,2337850
5801,415393.47
5802,781911.94
5803,617114.94
5804,428252.28
5805,256565.47
5806,251568.38
5807,326141.4
5808,702804.8
5809,457539.16
5810,539087.4
5811,262562.03
5812,345814.47
5813,380105.28
5814,674227.1
5815,240783.17
5816,632188.9
5817,375771.5
5818,356637.78
5819,329420.12
5820,691454.4
5821,384549.72
5822,255033.56
5823,426146.28
5824,699017.2
5825,740718.8
5826,326156.6
5827,306407.78
5828,454312.34
5829,605972.75
5830,298269.9
5831,497977.2
5832,430846.5
5833,399302.2
5834,528727.5
5835,548543.6
5836,212362.6
5837,459043.75
5838,464857.5
5839,530828
5840,346781.03
5841,491894
5842,467755.06
5843,1849049
5844,294265.94
5845,449663.34
5846,749121.94
5847,215746.11
5848,831361.6
5849,632791.4
5850,314080.78
5851,328315.44
5852,558936.44
5853,297780.97
5854,190905.02
5855,280152.12
5856,961414.75
5857,506445.75
5858,405808.16
5859,238705.06
5860,1352453.5
5861,246415.36
5862,326661.12
5863,382237.7
5864,538354.06
5865,720177.4
5866,364672.34
5867,690205
5868,487326.6
5869,411609.22
5870,429149.38
5871,616234.5
5872,423025.03
5873,678086.1
5874,554196.06
5875,273164.1
5876,989903.3
5877,1193847.6
5878,317816.6
5879,625459.25
5880,255842.7
5881,760879.8
5882,324360.1
5883,353648.22
5884,401085.72
5885,387999.7
5886,2370567.5
5887,335459.12
5888,691555.75
5889,500611.88
5890,498806.84
5891,473429.78
5892,877283.7
5893,319336.2
5894,837234.5
5895,542814
5896,596264.9
5897,237541.28
5898,1539466.1
5899,374362.28
5900,919952.1
5901,262858.3
5902,270531.4
5903,1527092.6
5904,290024.53
5905,1632078.6
5906,225753.47
5907,533867.06
5908,451071.9
5909,1023405.4
5910,543794.7
5911,562536.3
5912,192728.66
5913,297418.66
5914,716672.1
5915,411913.7
5916,490573.3
5917,243747.34
5918,437245.47
5919,668473.3
5920,382862.34
5921,370765.78
5922,409714.62
5923,427885.16
5924,532487
5925,625628.3
5926,397659
5927,573992.06
5928,227329.84
5929,403349
5930,516869.56
5931,248356.95
5932,181225.9
5933,581788.4
5934,949515.9
5935,526878.6
5936,929549.25
5937,202940.69
5938,294191.94
5939,382585.3
5940,252125.73
5941,369038.78
5942,450436.44
5943,704274.25
5944,332217.84
5945,294346.1
5946,244196.67
5947,579709.06
5948,335191.53
5949,603632.9
5950,483170.78
5951,456797.94
5952,380906.22
5953,343173.7
5954,715433.25
5955,358376.47
5956,348535.4
5957,525079.4
5958,377289.4
5959,796196
5960,352557.16
5961,505375.5
5962,595316
5963,497527.2
5964,244932.9
5965,422245.12
5966,507205.66
5967,552721.4
5968,745109
5969,1552890.6
5970,380706.6
5971,390521.9
5972,543381.94
5973,767017.5
5974,377510.6
5975,301790.88
5976,458640.53
5977,374813.9
5978,416830.84
5979,325276.4
5980,569882.4
5981,256923.1
5982,232447.05
5983,373934.78
5984,422387.7
5985,668933.56
5986,884106.1
5987,300310.66
5988,430357.34
5989,613593.25
5990,417428.75
5991,293632.9
5992,553774.25
5993,566563.1
5994,712070.44
5995,560416.2
5996,943632.1
5997,211945.88
5998,678839.7
5999,302196.03
6000,315731.94
6001,185921.67
6002,1766372.4
6003,331642.25
6004,384890.34
6005,201617.9
6006,269127.22
6007,468575.22
6008,506578.03
6009,292598.7
6010,871289.1
6011,338863.56
6012,514176.03
6013,350962.84
6014,1373460.8
6015,576360.75
6016,321983.4
6017,282827.66
6018,461414.25
6019,448396.1
6020,639222.9
6021,937206.25
6022,189984.62
6023,716907.2
6024,687493.56
6025,225007.4
6026,741008
6027,345069.9
6028,650812.06
6029,447559.53
6030,236663.48
6031,594165.94
6032,365188
6033,233905.22
6034,702249.6
6035,469566.62
6036,678813
6037,440038.78
6038,550908.3
6039,522439.62
6040,770089.3
6041,415952.53
6042,497339.22
6043,322915.06
6044,411540.2
6045,404280.72
6046,351214.12
6047,468814.22
6048,590844.6
6049,456200.94
6050,219030.84
6051,374480.84
6052,421704.06
6053,300624.5
6054,471770.8
6055,849252.1
6056,350508.97
6057,397693.56
6058,521169.7
6059,246281.1
6060,461894.28
6061,496883.38
6062,713876.56
6063,228446.94
6064,632623.25
6065,672990.5
6066,230404.55
6067,951981.75
6068,190789.19
6069,654979.1
6070,302722.72
6071,485418.8
6072,302942.72
6073,369188.47
6074,729064.06
6075,1049644.6
6076,301827.16
6077,433329.3
6078,249067.55
6079,343615.62
6080,2370565.5
6081,1179522.4
6082,443045.9
6083,904951.25
6084,689440.4
6085,368807.34
6086,1218420
6087,457217.78
6088,266221.97
6089,219984.9
6090,327839
6091,434964.53
6092,256870.69
6093,922527.56
6094,402572.97
6095,328829.56
6096,201516.84
6097,593484
6098,754650.25
6099,672874.25
6100,522819.16
6101,435584.28
6102,308275.72
6103,318392
6104,906472.8
6105,224456.77
6106,224830.66
6107,400249.06
6108,409557.34
6109,413075.84
6110,573278.6
6111,341740.97
6112,243094.14
6113,376450.34
6114,518416.38
6115,356304.34
6116,870807.75
6117,325528.2
6118,440746.6
6119,347390.9
6120,572102.44
6121,618257
6122,789366.56
6123,328531.3
6124,377328.2
6125,383230.94
6126,392919.78
6127,785863
6128,197533.56
6129,490069.62
6130,496228.2
6131,442957.53
6132,322045.16
6133,333363.53
6134,317900.9
6135,284866.78
6136,607127.25
6137,773286.44
6138,321307.16
6139,179607.5
6140,420842.1
6141,416384.34
6142,415008.4
6143,379785.84
6144,992754.75
6145,243395.44
6146,453116.53
6147,365687.03
6148,900944.7
6149,309133.16
6150,238464.02
6151,432158.16
6152,593738.3
6153,253389.73
6154,453676.8
6155,987825.6
6156,302185.28
6157,469276.22
6158,427012.9
6159,819996.25
6160,239820.34
6161,389170.88
6162,682900.6
6163,359090.28
6164,403948.47
6165,218531.06
6166,196581.48
6167,336323.22
6168,293248.9
6169,539063.25
6170,301950.12
6171,1003373.7
6172,298551.84
6173,746258.5
6174,718927.1
6175,321519.03
6176,777714.7
6177,713597.2
6178,247815.31
6179,592992.1
6180,632009.5
6181,506911.2
6182,432779.4
6183,514026.7
6184,407378
6185,251945.22
6186,534216.56
6187,316848.4
6188,1146207.4
6189,657227.75
6190,528171.06
6191,329373.9
6192,275835.66
6193,237556.72
6194,625756.6
6195,285074.47
6196,876642.4
6197,423027.72
6198,787376.4
6199,481996.4
6200,545936.25
6201,383623.9
6202,779754.5
6203,2084965.4
6204,223578.72
6205,880545.44
6206,546613.7
6207,388953.72
6208,260915.5
6209,419713
6210,488546.66
6211,648085
6212,300115.16
6213,507120.53
6214,204919.6
6215,338559.7
6216,395866.97
6217,502772.9
6218,564166.4
6219,337367.84
6220,1043482.06
6221,676614.1
6222,621472.94
6223,248663
6224,302336.28
6225,431982.47
6226,584103.6
6227,363543.6
6228,392262.97
6229,389264.62
6230,343803.56
6231,652173.4
6232,543437.6
6233,207767.1
6234,323746.3
6235,691984.25
6236,384032.72
6237,351674.22
6238,467298.97
6239,557616.44
6240,549030.7
6241,729930.4
6242,802688.4
6243,606475.6
6244,435505.97
6245,735033.06
6246,425602.1
6247,1753443.2
6248,497222.66
6249,186364.34
6250,361370.94
6251,331598.34
6252,680526.25
6253,611562.94
6254,742669.6
6255,560268.2
6256,374927.72
6257,340098.75
6258,432490.5
6259,248479.3
6260,524478.6
6261,719401.9
6262,1180226.2
6263,465621.1
6264,312285.62
6265,179966.95
6266,591208
6267,364114.2
6268,224593.23
6269,266083.16
6270,200643.6
6271,1396695.1
6272,276427.1
6273,353681.9
6274,614436.1
6275,447538.34
6276,411355.53
6277,698573.5
6278,922258.5
6279,352167.97
6280,371642.03
6281,244126.02
6282,583150.44
6283,247402.77
6284,555835.2
6285,649827.06
6286,372339.7
6287,196251.86
6288,295118.1
6289,324487.9
6290,521789.6
6291,1866542.8
6292,506891.03
6293,346814.97
6294,306170.12
6295,336999.25
6296,707614.75
6297,325966.47
6298,691092.6
6299,464779.34
6300,310142.28
6301,904576.5
6302,209879.84
6303,328359.53
6304,1036396.4
6305,430735.4
6306,422013.4
6307,392498.9
6308,235690.42
6309,237120.31
6310,258238.95
6311,228676.53
6312,198483.88
6313,342733.03
6314,294428.28
6315,889552.75
6316,660259.06
6317,474817.6
6318,384501.4
6319,603557.4
6320,761604.2
6321,254563.42
6322,594073.94
6323,424718.72
6324,1066996.4
6325,343485.6
6326,529026.06
6327,782511.1
6328,253821.27
6329,487323.53
6330,394503.47
6331,937738.5
6332,302891.94
6333,1265007.6
6334,496778.1
6335,624418.25
6336,400070.25
6337,1230364.9
6338,279257.03
6339,913180.8
6340,435574.28
6341,407612.78
6342,570350.8
6343,769755.25
6344,273931.22
6345,470513.16
6346,203662.67
6347,392817.6
6348,2364919
6349,361066.4
6350,278066.94
6351,404660.6
6352,212758.72
6353,701141.7
6354,391760.97
6355,234947.47
6356,354441.6
6357,298204.66
6358,299575.97
6359,389123.53
6360,351056.34
6361,224929.83
6362,318692.66
6363,651383.44
6364,746891.44
6365,517498.84
6366,327928.3
6367,641067.75
6368,507727.56
6369,639954.4
6370,351046.78
6371,284019.47
6372,570652.06
6373,721735.6
6374,522678.97
6375,265764.34
6376,521213.47
6377,381482.97
6378,597806.2
6379,421094.34
6380,449691.97
6381,253376.25
6382,718706.56
6383,696085.1
6384,480496.44
6385,369592.88
6386,527308.1
6387,396724.8
6388,666579.8
6389,857392.4
6390,869092.5
6391,532169.5
6392,366827.53
6393,391970.2
6394,1279317.1
6395,574156.25
6396,296178.97
6397,645561.1
6398,1181614.9
6399,375720.78
6400,438957.5
6401,499833.6
6402,448040.47
6403,253053.69
6404,190348.78
6405,400272.84
6406,883292.6
6407,665423.4
6408,438706.72
6409,573373.75
6410,242112.62
6411,187674.72
6412,207562.25
6413,278281.3
6414,253163.17
6415,748468.75
6416,452504.62
6417,558186.56
6418,674062
6419,738135.25
6420,665546.75
6421,614109.75
6422,820109.3
6423,305666.3
6424,447069.28
6425,444752.88
6426,1055760.2
6427,413973.34
6428,437131.9
6429,597213.1
6430,350073.53
6431,420464.78
6432,725243.5
6433,428761.5
6434,269692.03
6435,450607.9
6436,941836.94
6437,185229.34
6438,537462.2
6439,349704.9
6440,267276.97
6441,382895.16
6442,568251.8
6443,438902.16
6444,429877.97
6445,691551.7
6446,355101.22
6447,748189.9
6448,370644.97
6449,937541.56
6450,514081.84
6451,327125.12
6452,479796.9
6453,568055.8
6454,459602.34
6455,476458.97
6456,839777.06
6457,245509.6
6458,506930.53
6459,2360501.5
6460,499944.84
6461,637495.44
6462,553873.4
6463,331144.75
6464,483082.22
6465,515521.22
6466,872711.94
6467,414578.1
6468,838913
6469,485850.03
6470,200425.7
6471,305617.72
6472,396974.6
6473,349830.8
6474,379894.34
6475,248298.9
6476,644063
6477,436206.72
6478,175669.84
6479,411474.72
6480,415897.4
6481,564091.06
6482,331972.88
6483,317281.38
6484,415808.84
6485,199354.27
